-- phpMyAdmin SQL Dump
-- version 4.0.10deb1
-- http://www.phpmyadmin.net
--
-- Host: localhost
-- Generation Time: Mar 06, 2017 at 10:23 PM
-- Server version: 5.5.54-0ubuntu0.14.04.1
-- PHP Version: 5.5.9-1ubuntu4.21

SET SQL_MODE = "NO_AUTO_VALUE_ON_ZERO";
SET time_zone = "+00:00";


/*!40101 SET @OLD_CHARACTER_SET_CLIENT=@@CHARACTER_SET_CLIENT */;
/*!40101 SET @OLD_CHARACTER_SET_RESULTS=@@CHARACTER_SET_RESULTS */;
/*!40101 SET @OLD_COLLATION_CONNECTION=@@COLLATION_CONNECTION */;
/*!40101 SET NAMES utf8 */;

--
-- Database: `results_db_arch`
--

-- --------------------------------------------------------

--
-- Table structure for table `branch`
--

CREATE TABLE IF NOT EXISTS `branch` (
  `id` int(11) NOT NULL AUTO_INCREMENT,
  `code` char(255) NOT NULL,
  `name` varchar(255) NOT NULL,
  PRIMARY KEY (`id`),
  UNIQUE KEY `branch_code` (`code`)
) ENGINE=InnoDB  DEFAULT CHARSET=latin1 AUTO_INCREMENT=2 ;

--
-- Dumping data for table `branch`
--

INSERT INTO `branch` (`id`, `code`, `name`) VALUES
(1, 'ARCH', 'ARCHITECTURE');

-- --------------------------------------------------------

--
-- Table structure for table `exam`
--

CREATE TABLE IF NOT EXISTS `exam` (
  `student_id` varchar(255) NOT NULL,
  `semester_id` varchar(11) NOT NULL,
  `sgpa` float NOT NULL,
  `credits` int(11) NOT NULL,
  PRIMARY KEY (`student_id`,`semester_id`),
  KEY `exam_semester_id` (`semester_id`),
  KEY `exam_student_id` (`student_id`)
) ENGINE=InnoDB DEFAULT CHARSET=latin1;

--
-- Dumping data for table `exam`
--

INSERT INTO `exam` (`student_id`, `semester_id`, `sgpa`, `credits`) VALUES
('1302106001', '2018-2', 7.76, 26),
('1302106001', '2018-3', 8.04, 26),
('1302106001', '2018-4', 8.07, 26),
('1302106001', '2018-5', 7.45, 29),
('1302106001', '2018-6', 7.79, 29),
('1302106002', '2018-4', 3.71, 26),
('1302106002', '2018-5', 2.97, 29),
('1302106002', '2018-6', 3.9, 29),
('1302106003', '2018-2', 7.68, 26),
('1302106003', '2018-3', 8.44, 26),
('1302106003', '2018-4', 7.82, 26),
('1302106003', '2018-5', 7.24, 29),
('1302106003', '2018-6', 7.62, 29),
('1302106004', '2018-1', 8.35, 26),
('1302106004', '2018-2', 8.64, 26),
('1302106004', '2018-3', 9.04, 26),
('1302106004', '2018-4', 8.5, 26),
('1302106004', '2018-5', 7.41, 29),
('1302106004', '2018-6', 8.14, 29),
('1302106005', '2018-5', 2.07, 29),
('1302106005', '2018-6', 4.21, 29),
('1302106006', '2018-3', 7.41, 26),
('1302106006', '2018-4', 6.39, 26),
('1302106006', '2018-5', 6.34, 29),
('1302106006', '2018-6', 6.76, 29),
('1302106007', '2018-1', 6.58, 26),
('1302106007', '2018-2', 7, 26),
('1302106007', '2018-3', 8.59, 26),
('1302106007', '2018-4', 8.36, 26),
('1302106007', '2018-5', 7.21, 29),
('1302106007', '2018-6', 7.14, 29),
('1302106008', '2018-2', 7.44, 26),
('1302106008', '2018-3', 8.37, 26),
('1302106008', '2018-4', 8.11, 26),
('1302106008', '2018-5', 7.86, 29),
('1302106008', '2018-6', 7.45, 29),
('1302106009', '2018-1', 7.85, 26),
('1302106009', '2018-2', 8.72, 26),
('1302106009', '2018-3', 8.52, 26),
('1302106009', '2018-4', 8.43, 26),
('1302106009', '2018-5', 8.55, 29),
('1302106009', '2018-6', 8.45, 29),
('1302106010', '2018-2', 7.84, 26),
('1302106010', '2018-3', 8.85, 26),
('1302106010', '2018-4', 7.79, 26),
('1302106010', '2018-5', 8.03, 29),
('1302106010', '2018-6', 7.59, 29),
('1302106011', '2018-1', 7.08, 26),
('1302106011', '2018-2', 8.4, 26),
('1302106011', '2018-3', 9.04, 26),
('1302106011', '2018-4', 7.68, 26),
('1302106011', '2018-5', 7.69, 29),
('1302106011', '2018-6', 7.45, 29),
('1302106012', '2018-1', 5.69, 26),
('1302106012', '2018-2', 7.12, 26),
('1302106012', '2018-3', 7.15, 26),
('1302106012', '2018-4', 7.64, 26),
('1302106012', '2018-5', 6.14, 29),
('1302106012', '2018-6', 6.9, 29),
('1302106013', '2018-3', 7.7, 26),
('1302106013', '2018-4', 6.96, 26),
('1302106013', '2018-5', 5.93, 29),
('1302106013', '2018-6', 4.72, 29),
('1302106014', '2018-2', 5.72, 26),
('1302106014', '2018-4', 4.5, 26),
('1302106014', '2018-5', 5.03, 29),
('1302106014', '2018-6', 3.93, 29),
('1302106015', '2018-2', 7.76, 26),
('1302106015', '2018-3', 8.37, 26),
('1302106015', '2018-4', 7.54, 26),
('1302106015', '2018-5', 7.52, 29),
('1302106015', '2018-6', 7.1, 29),
('1302106016', '2018-2', 4.76, 26),
('1302106016', '2018-4', 3.42, 26),
('1302106016', '2018-5', 2.86, 29),
('1302106016', '2018-6', 3.97, 29),
('1302106017', '2018-2', 6.44, 26),
('1302106017', '2018-3', 7.44, 26),
('1302106017', '2018-4', 6.64, 26),
('1302106017', '2018-5', 6.14, 29),
('1302106017', '2018-6', 6.55, 29),
('1302106018', '2018-2', 8.16, 26),
('1302106018', '2018-3', 8.96, 26),
('1302106018', '2018-4', 7.68, 26),
('1302106018', '2018-5', 7.14, 29),
('1302106018', '2018-6', 7.34, 29),
('1302106019', '2018-1', 6.96, 26),
('1302106019', '2018-2', 8.36, 26),
('1302106019', '2018-3', 8.81, 26),
('1302106019', '2018-4', 8.07, 26),
('1302106019', '2018-5', 7.79, 29),
('1302106019', '2018-6', 7.79, 29),
('1302106020', '2018-2', 6.64, 26),
('1302106020', '2018-3', 8, 26),
('1302106020', '2018-5', 6.86, 29),
('1302106020', '2018-6', 6.07, 29),
('1302106021', '2018-2', 6.88, 26),
('1302106021', '2018-3', 7.59, 26),
('1302106021', '2018-4', 7.57, 26),
('1302106021', '2018-5', 7.1, 29),
('1302106021', '2018-6', 6.66, 29),
('1302106022', '2018-1', 6.15, 26),
('1302106022', '2018-3', 7.81, 26),
('1302106022', '2018-4', 8.5, 26),
('1302106022', '2018-5', 7.45, 29),
('1302106022', '2018-6', 7.34, 29),
('1302106023', '2018-2', 6.84, 26),
('1302106023', '2018-3', 8.26, 26),
('1302106023', '2018-4', 7.82, 26),
('1302106023', '2018-5', 7.72, 29),
('1302106023', '2018-6', 7.17, 29),
('1302106024', '2018-1', 7.12, 26),
('1302106024', '2018-2', 8.04, 26),
('1302106024', '2018-3', 7.93, 26),
('1302106024', '2018-4', 7.29, 26),
('1302106024', '2018-5', 7.45, 29),
('1302106024', '2018-6', 8.1, 29),
('1302106025', '2018-2', 7.36, 26),
('1302106025', '2018-3', 8.07, 26),
('1302106025', '2018-4', 7.5, 26),
('1302106025', '2018-5', 7.1, 29),
('1302106025', '2018-6', 7.14, 29),
('1302106026', '2018-1', 6.57, 26),
('1302106026', '2018-2', 7.6, 26),
('1302106026', '2018-3', 7.89, 26),
('1302106026', '2018-4', 7.86, 26),
('1302106026', '2018-5', 7.41, 29),
('1302106026', '2018-6', 7.62, 29),
('1302106027', '2018-2', 6.6, 26),
('1302106027', '2018-4', 1.08, 26),
('1302106027', '2018-6', 0.97, 29),
('1302106028', '2018-3', 8.11, 26),
('1302106028', '2018-4', 6.61, 26),
('1302106028', '2018-5', 6.97, 29),
('1302106028', '2018-6', 6.62, 29),
('1302106029', '2018-1', 6.12, 26),
('1302106029', '2018-2', 6.68, 26),
('1302106029', '2018-3', 7.96, 26),
('1302106029', '2018-4', 7.86, 26),
('1302106029', '2018-5', 7.38, 29),
('1302106029', '2018-6', 6.97, 29),
('1302106030', '2018-1', 6.88, 26),
('1302106030', '2018-2', 8.08, 26),
('1302106030', '2018-3', 8.56, 26),
('1302106030', '2018-4', 8.43, 26),
('1302106030', '2018-5', 7.93, 29),
('1302106030', '2018-6', 8.03, 29),
('1302106031', '2018-2', 6.76, 26),
('1302106031', '2018-3', 7.7, 26),
('1302106031', '2018-4', 6.18, 26),
('1302106031', '2018-5', 5.69, 29),
('1302106031', '2018-6', 6.1, 29),
('1302106032', '2018-2', 6.8, 26),
('1302106032', '2018-3', 7.15, 26),
('1302106032', '2018-4', 4.96, 26),
('1302106032', '2018-5', 6.34, 29),
('1302106032', '2018-6', 3.41, 29),
('1422106001', '2018-3', 6.37, 26),
('1422106001', '2018-4', 6.54, 26),
('1422106002', '2018-3', 7.89, 26),
('1422106002', '2018-4', 7.25, 26),
('1422106003', '2018-3', 8.52, 26),
('1422106003', '2018-4', 7.71, 26),
('1422106004', '2018-3', 7.41, 26),
('1422106004', '2018-4', 6.68, 26),
('1422106005', '2018-3', 7.59, 26),
('1422106005', '2018-4', 8.04, 26),
('1422106006', '2018-3', 7.93, 26),
('1422106006', '2018-4', 7.68, 26),
('1422106007', '2018-3', 5.89, 26),
('1422106007', '2018-4', 6.89, 26),
('1422106008', '2018-3', 6.78, 26),
('1422106008', '2018-4', 6.93, 26),
('1422106009', '2018-3', 8.11, 26),
('1422106009', '2018-4', 7.96, 26),
('1422106010', '2018-3', 6.78, 26),
('1422106010', '2018-4', 7.36, 26),
('1422106011', '2018-3', 3.62, 26),
('1422106011', '2018-4', 6.39, 26);

-- --------------------------------------------------------

--
-- Table structure for table `score`
--

CREATE TABLE IF NOT EXISTS `score` (
  `student_id` varchar(255) NOT NULL,
  `subject_id` varchar(255) NOT NULL,
  `grade` char(1) NOT NULL,
  `semester_id` varchar(11) NOT NULL,
  PRIMARY KEY (`student_id`,`subject_id`),
  KEY `score_semester_id` (`semester_id`),
  KEY `score_student_id` (`student_id`),
  KEY `score_subject_id` (`subject_id`)
) ENGINE=InnoDB DEFAULT CHARSET=latin1;

--
-- Dumping data for table `score`
--

INSERT INTO `score` (`student_id`, `subject_id`, `grade`, `semester_id`) VALUES
(' 1302106001', 'AH113', 'F', '2018-1'),
(' 1302106001', 'AH173', 'E', '2018-1'),
(' 1302106001', 'AH213', 'C', '2018-2'),
(' 1302106001', 'AH312', 'C', '2018-3'),
(' 1302106001', 'AH412', 'C', '2018-4'),
(' 1302106001', 'AR133', 'D', '2018-1'),
(' 1302106001', 'AR143', 'C', '2018-1'),
(' 1302106001', 'AR154', 'C', '2018-1'),
(' 1302106001', 'AR162', 'C', '2018-1'),
(' 1302106001', 'AR184', 'C', '2018-1'),
(' 1302106001', 'AR192', 'B', '2018-1'),
(' 1302106001', 'AR233', 'B', '2018-2'),
(' 1302106001', 'AR243', 'A', '2018-2'),
(' 1302106001', 'AR252', 'O', '2018-2'),
(' 1302106001', 'AR263', 'E', '2018-2'),
(' 1302106001', 'AR272', 'E', '2018-2'),
(' 1302106001', 'AR284', 'B', '2018-2'),
(' 1302106001', 'AR292', 'O', '2018-2'),
(' 1302106001', 'AR343', 'D', '2018-3'),
(' 1302106001', 'AR352', 'B', '2018-3'),
(' 1302106001', 'AR366', 'O', '2018-3'),
(' 1302106001', 'AR372', 'O', '2018-3'),
(' 1302106001', 'AR382', 'O', '2018-3'),
(' 1302106001', 'AR394', 'O', '2018-3'),
(' 1302106001', 'AR4102', 'E', '2018-4'),
(' 1302106001', 'AR423', 'C', '2018-4'),
(' 1302106001', 'AR443', 'C', '2018-4'),
(' 1302106001', 'AR452', 'B', '2018-4'),
(' 1302106001', 'AR466', 'O', '2018-4'),
(' 1302106001', 'AR472', 'A', '2018-4'),
(' 1302106001', 'AR484', 'O', '2018-4'),
(' 1302106001', 'AS123', 'D', '2018-1'),
(' 1302106001', 'AS223', 'C', '2018-2'),
(' 1302106001', 'AS323', 'B', '2018-3'),
(' 1302106001', 'AS333', 'D', '2018-3'),
(' 1302106001', 'AS432', 'B', '2018-4'),
(' 1302106001', 'AS492', 'A', '2018-4'),
(' 1302106002', 'AH113', 'F', '2018-1'),
(' 1302106002', 'AH173', 'E', '2018-1'),
(' 1302106002', 'AH213', 'F', '2018-2'),
(' 1302106002', 'AH312', 'F', '2018-3'),
(' 1302106002', 'AH412', 'F', '2018-4'),
(' 1302106002', 'AR133', 'F', '2018-1'),
(' 1302106002', 'AR143', 'D', '2018-1'),
(' 1302106002', 'AR154', 'C', '2018-1'),
(' 1302106002', 'AR162', 'C', '2018-1'),
(' 1302106002', 'AR184', 'F', '2018-1'),
(' 1302106002', 'AR192', 'F', '2018-1'),
(' 1302106002', 'AR233', 'F', '2018-2'),
(' 1302106002', 'AR243', 'B', '2018-2'),
(' 1302106002', 'AR252', 'C', '2018-2'),
(' 1302106002', 'AR263', 'F', '2018-2'),
(' 1302106002', 'AR272', 'F', '2018-2'),
(' 1302106002', 'AR284', 'B', '2018-2'),
(' 1302106002', 'AR292', 'F', '2018-2'),
(' 1302106002', 'AR343', 'F', '2018-3'),
(' 1302106002', 'AR352', 'A', '2018-3'),
(' 1302106002', 'AR366', 'O', '2018-3'),
(' 1302106002', 'AR372', 'O', '2018-3'),
(' 1302106002', 'AR382', 'A', '2018-3'),
(' 1302106002', 'AR394', 'C', '2018-3'),
(' 1302106002', 'AR4102', 'E', '2018-4'),
(' 1302106002', 'AR423', 'F', '2018-4'),
(' 1302106002', 'AR443', 'F', '2018-4'),
(' 1302106002', 'AR452', 'D', '2018-4'),
(' 1302106002', 'AR466', 'F', '2018-4'),
(' 1302106002', 'AR472', 'F', '2018-4'),
(' 1302106002', 'AR484', 'C', '2018-4'),
(' 1302106002', 'AS123', 'F', '2018-1'),
(' 1302106002', 'AS223', 'F', '2018-2'),
(' 1302106002', 'AS323', 'C', '2018-3'),
(' 1302106002', 'AS333', 'F', '2018-3'),
(' 1302106002', 'AS432', 'F', '2018-4'),
(' 1302106002', 'AS492', 'A', '2018-4'),
(' 1302106003', 'AH113', 'D', '2018-1'),
(' 1302106003', 'AH173', 'E', '2018-1'),
(' 1302106003', 'AH213', 'A', '2018-2'),
(' 1302106003', 'AH312', 'C', '2018-3'),
(' 1302106003', 'AH412', 'B', '2018-4'),
(' 1302106003', 'AR133', 'D', '2018-1'),
(' 1302106003', 'AR143', 'A', '2018-1'),
(' 1302106003', 'AR154', 'E', '2018-1'),
(' 1302106003', 'AR162', 'A', '2018-1'),
(' 1302106003', 'AR184', 'B', '2018-1'),
(' 1302106003', 'AR192', 'A', '2018-1'),
(' 1302106003', 'AR233', 'D', '2018-2'),
(' 1302106003', 'AR243', 'A', '2018-2'),
(' 1302106003', 'AR252', 'A', '2018-2'),
(' 1302106003', 'AR263', 'A', '2018-2'),
(' 1302106003', 'AR272', 'E', '2018-2'),
(' 1302106003', 'AR284', 'A', '2018-2'),
(' 1302106003', 'AR292', 'E', '2018-2'),
(' 1302106003', 'AR343', 'C', '2018-3'),
(' 1302106003', 'AR352', 'E', '2018-3'),
(' 1302106003', 'AR366', 'O', '2018-3'),
(' 1302106003', 'AR372', 'O', '2018-3'),
(' 1302106003', 'AR382', 'A', '2018-3'),
(' 1302106003', 'AR394', 'E', '2018-3'),
(' 1302106003', 'AR4102', 'A', '2018-4'),
(' 1302106003', 'AR423', 'D', '2018-4'),
(' 1302106003', 'AR443', 'C', '2018-4'),
(' 1302106003', 'AR452', 'B', '2018-4'),
(' 1302106003', 'AR466', 'E', '2018-4'),
(' 1302106003', 'AR472', 'A', '2018-4'),
(' 1302106003', 'AR484', 'O', '2018-4'),
(' 1302106003', 'AS123', 'F', '2018-1'),
(' 1302106003', 'AS223', 'B', '2018-2'),
(' 1302106003', 'AS323', 'A', '2018-3'),
(' 1302106003', 'AS333', 'A', '2018-3'),
(' 1302106003', 'AS432', 'A', '2018-4'),
(' 1302106003', 'AS492', 'A', '2018-4'),
(' 1302106004', 'AH113', 'A', '2018-1'),
(' 1302106004', 'AH173', 'E', '2018-1'),
(' 1302106004', 'AH213', 'B', '2018-2'),
(' 1302106004', 'AH312', 'A', '2018-3'),
(' 1302106004', 'AH412', 'B', '2018-4'),
(' 1302106004', 'AR133', 'B', '2018-1'),
(' 1302106004', 'AR143', 'E', '2018-1'),
(' 1302106004', 'AR154', 'O', '2018-1'),
(' 1302106004', 'AR162', 'E', '2018-1'),
(' 1302106004', 'AR184', 'A', '2018-1'),
(' 1302106004', 'AR192', 'A', '2018-1'),
(' 1302106004', 'AR233', 'E', '2018-2'),
(' 1302106004', 'AR243', 'E', '2018-2'),
(' 1302106004', 'AR252', 'O', '2018-2'),
(' 1302106004', 'AR263', 'E', '2018-2'),
(' 1302106004', 'AR272', 'E', '2018-2'),
(' 1302106004', 'AR284', 'A', '2018-2'),
(' 1302106004', 'AR292', 'O', '2018-2'),
(' 1302106004', 'AR343', 'B', '2018-3'),
(' 1302106004', 'AR352', 'O', '2018-3'),
(' 1302106004', 'AR366', 'O', '2018-3'),
(' 1302106004', 'AR372', 'O', '2018-3'),
(' 1302106004', 'AR382', 'A', '2018-3'),
(' 1302106004', 'AR394', 'O', '2018-3'),
(' 1302106004', 'AR4102', 'E', '2018-4'),
(' 1302106004', 'AR423', 'B', '2018-4'),
(' 1302106004', 'AR443', 'B', '2018-4'),
(' 1302106004', 'AR452', 'E', '2018-4'),
(' 1302106004', 'AR466', 'O', '2018-4'),
(' 1302106004', 'AR472', 'B', '2018-4'),
(' 1302106004', 'AR484', 'E', '2018-4'),
(' 1302106004', 'AS123', 'B', '2018-1'),
(' 1302106004', 'AS223', 'A', '2018-2'),
(' 1302106004', 'AS323', 'E', '2018-3'),
(' 1302106004', 'AS333', 'A', '2018-3'),
(' 1302106004', 'AS432', 'E', '2018-4'),
(' 1302106004', 'AS492', 'E', '2018-4'),
(' 1302106005', 'AH113', 'F', '2018-1'),
(' 1302106005', 'AH173', 'O', '2018-1'),
(' 1302106005', 'AH213', 'F', '2018-2'),
(' 1302106005', 'AH312', 'D', '2018-3'),
(' 1302106005', 'AH412', 'C', '2018-4'),
(' 1302106005', 'AR133', 'B', '2018-1'),
(' 1302106005', 'AR143', 'C', '2018-1'),
(' 1302106005', 'AR154', 'C', '2018-1'),
(' 1302106005', 'AR162', 'C', '2018-1'),
(' 1302106005', 'AR184', 'C', '2018-1'),
(' 1302106005', 'AR192', 'C', '2018-1'),
(' 1302106005', 'AR233', 'D', '2018-2'),
(' 1302106005', 'AR243', 'C', '2018-2'),
(' 1302106005', 'AR252', 'C', '2018-2'),
(' 1302106005', 'AR263', 'F', '2018-2'),
(' 1302106005', 'AR272', 'A', '2018-2'),
(' 1302106005', 'AR284', 'B', '2018-2'),
(' 1302106005', 'AR292', 'C', '2018-2'),
(' 1302106005', 'AR343', 'D', '2018-3'),
(' 1302106005', 'AR352', 'E', '2018-3'),
(' 1302106005', 'AR366', 'A', '2018-3'),
(' 1302106005', 'AR372', 'O', '2018-3'),
(' 1302106005', 'AR382', 'B', '2018-3'),
(' 1302106005', 'AR394', 'C', '2018-3'),
(' 1302106005', 'AR4102', 'E', '2018-4'),
(' 1302106005', 'AR423', 'F', '2018-4'),
(' 1302106005', 'AR443', 'C', '2018-4'),
(' 1302106005', 'AR452', 'E', '2018-4'),
(' 1302106005', 'AR466', 'F', '2018-4'),
(' 1302106005', 'AR472', 'F', '2018-4'),
(' 1302106005', 'AS123', 'F', '2018-1'),
(' 1302106005', 'AS223', 'D', '2018-2'),
(' 1302106005', 'AS323', 'B', '2018-3'),
(' 1302106005', 'AS333', 'F', '2018-3'),
(' 1302106005', 'AS432', 'S', '2018-4'),
(' 1302106005', 'AS492', 'C', '2018-4'),
(' 1302106006', 'AH113', 'F', '2018-1'),
(' 1302106006', 'AH173', 'E', '2018-1'),
(' 1302106006', 'AH213', 'C', '2018-2'),
(' 1302106006', 'AH312', 'D', '2018-3'),
(' 1302106006', 'AH412', 'C', '2018-4'),
(' 1302106006', 'AR133', 'D', '2018-1'),
(' 1302106006', 'AR143', 'B', '2018-1'),
(' 1302106006', 'AR154', 'B', '2018-1'),
(' 1302106006', 'AR162', 'B', '2018-1'),
(' 1302106006', 'AR184', 'B', '2018-1'),
(' 1302106006', 'AR192', 'C', '2018-1'),
(' 1302106006', 'AR233', 'F', '2018-2'),
(' 1302106006', 'AR243', 'A', '2018-2'),
(' 1302106006', 'AR252', 'C', '2018-2'),
(' 1302106006', 'AR263', 'F', '2018-2'),
(' 1302106006', 'AR272', 'F', '2018-2'),
(' 1302106006', 'AR284', 'B', '2018-2'),
(' 1302106006', 'AR292', 'F', '2018-2'),
(' 1302106006', 'AR343', 'D', '2018-3'),
(' 1302106006', 'AR352', 'A', '2018-3'),
(' 1302106006', 'AR366', 'E', '2018-3'),
(' 1302106006', 'AR372', 'O', '2018-3'),
(' 1302106006', 'AR382', 'B', '2018-3'),
(' 1302106006', 'AR394', 'A', '2018-3'),
(' 1302106006', 'AR4102', 'A', '2018-4'),
(' 1302106006', 'AR423', 'D', '2018-4'),
(' 1302106006', 'AR443', 'C', '2018-4'),
(' 1302106006', 'AR452', 'C', '2018-4'),
(' 1302106006', 'AR466', 'C', '2018-4'),
(' 1302106006', 'AR472', 'F', '2018-4'),
(' 1302106006', 'AR484', 'O', '2018-4'),
(' 1302106006', 'AS123', 'F', '2018-1'),
(' 1302106006', 'AS223', 'C', '2018-2'),
(' 1302106006', 'AS323', 'A', '2018-3'),
(' 1302106006', 'AS333', 'D', '2018-3'),
(' 1302106006', 'AS432', 'C', '2018-4'),
(' 1302106006', 'AS492', 'B', '2018-4'),
(' 1302106007', 'AH113', 'F', '2018-1'),
(' 1302106007', 'AH173', 'O', '2018-1'),
(' 1302106007', 'AH213', 'D', '2018-2'),
(' 1302106007', 'AH312', 'B', '2018-3'),
(' 1302106007', 'AH412', 'B', '2018-4'),
(' 1302106007', 'AR133', 'C', '2018-1'),
(' 1302106007', 'AR143', 'C', '2018-1'),
(' 1302106007', 'AR154', 'O', '2018-1'),
(' 1302106007', 'AR162', 'B', '2018-1'),
(' 1302106007', 'AR184', 'C', '2018-1'),
(' 1302106007', 'AR192', 'A', '2018-1'),
(' 1302106007', 'AR233', 'A', '2018-2'),
(' 1302106007', 'AR243', 'B', '2018-2'),
(' 1302106007', 'AR252', 'A', '2018-2'),
(' 1302106007', 'AR263', 'B', '2018-2'),
(' 1302106007', 'AR272', 'A', '2018-2'),
(' 1302106007', 'AR284', 'B', '2018-2'),
(' 1302106007', 'AR292', 'A', '2018-2'),
(' 1302106007', 'AR343', 'A', '2018-3'),
(' 1302106007', 'AR352', 'E', '2018-3'),
(' 1302106007', 'AR366', 'O', '2018-3'),
(' 1302106007', 'AR372', 'O', '2018-3'),
(' 1302106007', 'AR382', 'E', '2018-3'),
(' 1302106007', 'AR394', 'E', '2018-3'),
(' 1302106007', 'AR4102', 'E', '2018-4'),
(' 1302106007', 'AR423', 'B', '2018-4'),
(' 1302106007', 'AR443', 'B', '2018-4'),
(' 1302106007', 'AR452', 'E', '2018-4'),
(' 1302106007', 'AR466', 'E', '2018-4'),
(' 1302106007', 'AR472', 'B', '2018-4'),
(' 1302106007', 'AR484', 'E', '2018-4'),
(' 1302106007', 'AS123', 'D', '2018-1'),
(' 1302106007', 'AS223', 'C', '2018-2'),
(' 1302106007', 'AS323', 'A', '2018-3'),
(' 1302106007', 'AS333', 'C', '2018-3'),
(' 1302106007', 'AS432', 'E', '2018-4'),
(' 1302106007', 'AS492', 'O', '2018-4'),
(' 1302106008', 'AH173', 'E', '2018-1'),
(' 1302106008', 'AH213', 'D', '2018-2'),
(' 1302106008', 'AH312', 'B', '2018-3'),
(' 1302106008', 'AH412', 'B', '2018-4'),
(' 1302106008', 'AR133', 'C', '2018-1'),
(' 1302106008', 'AR143', 'C', '2018-1'),
(' 1302106008', 'AR154', 'O', '2018-1'),
(' 1302106008', 'AR162', 'A', '2018-1'),
(' 1302106008', 'AR184', 'B', '2018-1'),
(' 1302106008', 'AR192', 'A', '2018-1'),
(' 1302106008', 'AR233', 'C', '2018-2'),
(' 1302106008', 'AR243', 'E', '2018-2'),
(' 1302106008', 'AR252', 'E', '2018-2'),
(' 1302106008', 'AR263', 'B', '2018-2'),
(' 1302106008', 'AR272', 'E', '2018-2'),
(' 1302106008', 'AR284', 'A', '2018-2'),
(' 1302106008', 'AR292', 'A', '2018-2'),
(' 1302106008', 'AR343', 'C', '2018-3'),
(' 1302106008', 'AR352', 'E', '2018-3'),
(' 1302106008', 'AR366', 'O', '2018-3'),
(' 1302106008', 'AR372', 'O', '2018-3'),
(' 1302106008', 'AR382', 'E', '2018-3'),
(' 1302106008', 'AR394', 'E', '2018-3'),
(' 1302106008', 'AR4102', 'A', '2018-4'),
(' 1302106008', 'AR423', 'C', '2018-4'),
(' 1302106008', 'AR443', 'B', '2018-4'),
(' 1302106008', 'AR452', 'A', '2018-4'),
(' 1302106008', 'AR466', 'E', '2018-4'),
(' 1302106008', 'AR472', 'E', '2018-4'),
(' 1302106008', 'AR484', 'E', '2018-4'),
(' 1302106008', 'AS123', 'F', '2018-1'),
(' 1302106008', 'AS223', 'B', '2018-2'),
(' 1302106008', 'AS323', 'A', '2018-3'),
(' 1302106008', 'AS333', 'C', '2018-3'),
(' 1302106008', 'AS432', 'A', '2018-4'),
(' 1302106008', 'AS492', 'E', '2018-4'),
(' 1302106009', 'AH113', 'A', '2018-1'),
(' 1302106009', 'AH173', 'O', '2018-1'),
(' 1302106009', 'AH213', 'B', '2018-2'),
(' 1302106009', 'AH312', 'B', '2018-3'),
(' 1302106009', 'AH412', 'A', '2018-4'),
(' 1302106009', 'AR133', 'B', '2018-1'),
(' 1302106009', 'AR143', 'B', '2018-1'),
(' 1302106009', 'AR154', 'B', '2018-1'),
(' 1302106009', 'AR162', 'B', '2018-1'),
(' 1302106009', 'AR184', 'A', '2018-1'),
(' 1302106009', 'AR192', 'O', '2018-1'),
(' 1302106009', 'AR233', 'A', '2018-2'),
(' 1302106009', 'AR243', 'E', '2018-2'),
(' 1302106009', 'AR252', 'O', '2018-2'),
(' 1302106009', 'AR263', 'E', '2018-2'),
(' 1302106009', 'AR272', 'O', '2018-2'),
(' 1302106009', 'AR284', 'A', '2018-2'),
(' 1302106009', 'AR292', 'O', '2018-2'),
(' 1302106009', 'AR343', 'B', '2018-3'),
(' 1302106009', 'AR352', 'A', '2018-3'),
(' 1302106009', 'AR366', 'O', '2018-3'),
(' 1302106009', 'AR372', 'O', '2018-3'),
(' 1302106009', 'AR382', 'O', '2018-3'),
(' 1302106009', 'AR394', 'O', '2018-3'),
(' 1302106009', 'AR4102', 'A', '2018-4'),
(' 1302106009', 'AR423', 'B', '2018-4'),
(' 1302106009', 'AR443', 'B', '2018-4'),
(' 1302106009', 'AR452', 'E', '2018-4'),
(' 1302106009', 'AR466', 'A', '2018-4'),
(' 1302106009', 'AR472', 'E', '2018-4'),
(' 1302106009', 'AR484', 'O', '2018-4'),
(' 1302106009', 'AS123', 'A', '2018-1'),
(' 1302106009', 'AS223', 'E', '2018-2'),
(' 1302106009', 'AS323', 'B', '2018-3'),
(' 1302106009', 'AS333', 'C', '2018-3'),
(' 1302106009', 'AS432', 'E', '2018-4'),
(' 1302106009', 'AS492', 'O', '2018-4'),
(' 1302106010', 'AH113', 'F', '2018-1'),
(' 1302106010', 'AH173', 'E', '2018-1'),
(' 1302106010', 'AH213', 'D', '2018-2'),
(' 1302106010', 'AH312', 'B', '2018-3'),
(' 1302106010', 'AH412', 'B', '2018-4'),
(' 1302106010', 'AR133', 'B', '2018-1'),
(' 1302106010', 'AR143', 'B', '2018-1'),
(' 1302106010', 'AR154', 'A', '2018-1'),
(' 1302106010', 'AR162', 'A', '2018-1'),
(' 1302106010', 'AR184', 'B', '2018-1'),
(' 1302106010', 'AR192', 'E', '2018-1'),
(' 1302106010', 'AR233', 'B', '2018-2'),
(' 1302106010', 'AR243', 'E', '2018-2'),
(' 1302106010', 'AR252', 'E', '2018-2'),
(' 1302106010', 'AR263', 'A', '2018-2'),
(' 1302106010', 'AR272', 'E', '2018-2'),
(' 1302106010', 'AR284', 'A', '2018-2'),
(' 1302106010', 'AR292', 'O', '2018-2'),
(' 1302106010', 'AR343', 'B', '2018-3'),
(' 1302106010', 'AR352', 'E', '2018-3'),
(' 1302106010', 'AR366', 'O', '2018-3'),
(' 1302106010', 'AR372', 'O', '2018-3'),
(' 1302106010', 'AR382', 'E', '2018-3'),
(' 1302106010', 'AR394', 'O', '2018-3'),
(' 1302106010', 'AR4102', 'A', '2018-4'),
(' 1302106010', 'AR423', 'C', '2018-4'),
(' 1302106010', 'AR443', 'C', '2018-4'),
(' 1302106010', 'AR452', 'B', '2018-4'),
(' 1302106010', 'AR466', 'A', '2018-4'),
(' 1302106010', 'AR472', 'B', '2018-4'),
(' 1302106010', 'AR484', 'O', '2018-4'),
(' 1302106010', 'AS123', 'C', '2018-1'),
(' 1302106010', 'AS223', 'B', '2018-2'),
(' 1302106010', 'AS323', 'A', '2018-3'),
(' 1302106010', 'AS333', 'A', '2018-3'),
(' 1302106010', 'AS432', 'E', '2018-4'),
(' 1302106010', 'AS492', 'E', '2018-4'),
(' 1302106011', 'AH113', 'A', '2018-1'),
(' 1302106011', 'AH173', 'O', '2018-1'),
(' 1302106011', 'AH213', 'C', '2018-2'),
(' 1302106011', 'AH312', 'B', '2018-3'),
(' 1302106011', 'AH412', 'A', '2018-4'),
(' 1302106011', 'AR133', 'C', '2018-1'),
(' 1302106011', 'AR143', 'B', '2018-1'),
(' 1302106011', 'AR154', 'C', '2018-1'),
(' 1302106011', 'AR162', 'C', '2018-1'),
(' 1302106011', 'AR184', 'A', '2018-1'),
(' 1302106011', 'AR192', 'E', '2018-1'),
(' 1302106011', 'AR233', 'A', '2018-2'),
(' 1302106011', 'AR243', 'E', '2018-2'),
(' 1302106011', 'AR252', 'E', '2018-2'),
(' 1302106011', 'AR263', 'E', '2018-2'),
(' 1302106011', 'AR272', 'O', '2018-2'),
(' 1302106011', 'AR284', 'A', '2018-2'),
(' 1302106011', 'AR292', 'O', '2018-2'),
(' 1302106011', 'AR343', 'A', '2018-3'),
(' 1302106011', 'AR352', 'E', '2018-3'),
(' 1302106011', 'AR366', 'E', '2018-3'),
(' 1302106011', 'AR372', 'O', '2018-3'),
(' 1302106011', 'AR382', 'O', '2018-3'),
(' 1302106011', 'AR394', 'O', '2018-3'),
(' 1302106011', 'AR4102', 'A', '2018-4'),
(' 1302106011', 'AR423', 'C', '2018-4'),
(' 1302106011', 'AR443', 'B', '2018-4'),
(' 1302106011', 'AR452', 'A', '2018-4'),
(' 1302106011', 'AR466', 'B', '2018-4'),
(' 1302106011', 'AR472', 'B', '2018-4'),
(' 1302106011', 'AR484', 'O', '2018-4'),
(' 1302106011', 'AS123', 'D', '2018-1'),
(' 1302106011', 'AS223', 'A', '2018-2'),
(' 1302106011', 'AS323', 'E', '2018-3'),
(' 1302106011', 'AS333', 'E', '2018-3'),
(' 1302106011', 'AS432', 'A', '2018-4'),
(' 1302106011', 'AS492', 'A', '2018-4'),
(' 1302106012', 'AH113', 'F', '2018-1'),
(' 1302106012', 'AH173', 'E', '2018-1'),
(' 1302106012', 'AH213', 'D', '2018-2'),
(' 1302106012', 'AH312', 'C', '2018-3'),
(' 1302106012', 'AH412', 'C', '2018-4'),
(' 1302106012', 'AR133', 'C', '2018-1'),
(' 1302106012', 'AR143', 'C', '2018-1'),
(' 1302106012', 'AR154', 'B', '2018-1'),
(' 1302106012', 'AR162', 'B', '2018-1'),
(' 1302106012', 'AR184', 'C', '2018-1'),
(' 1302106012', 'AR192', 'A', '2018-1'),
(' 1302106012', 'AR233', 'C', '2018-2'),
(' 1302106012', 'AR243', 'B', '2018-2'),
(' 1302106012', 'AR252', 'E', '2018-2'),
(' 1302106012', 'AR263', 'A', '2018-2'),
(' 1302106012', 'AR272', 'E', '2018-2'),
(' 1302106012', 'AR284', 'B', '2018-2'),
(' 1302106012', 'AR292', 'E', '2018-2'),
(' 1302106012', 'AR343', 'F', '2018-3'),
(' 1302106012', 'AR352', 'B', '2018-3'),
(' 1302106012', 'AR366', 'E', '2018-3'),
(' 1302106012', 'AR372', 'O', '2018-3'),
(' 1302106012', 'AR382', 'E', '2018-3'),
(' 1302106012', 'AR394', 'E', '2018-3'),
(' 1302106012', 'AR4102', 'A', '2018-4'),
(' 1302106012', 'AR423', 'D', '2018-4'),
(' 1302106012', 'AR443', 'B', '2018-4'),
(' 1302106012', 'AR452', 'B', '2018-4'),
(' 1302106012', 'AR466', 'A', '2018-4'),
(' 1302106012', 'AR472', 'A', '2018-4'),
(' 1302106012', 'AR484', 'O', '2018-4'),
(' 1302106012', 'AS123', 'F', '2018-1'),
(' 1302106012', 'AS223', 'C', '2018-2'),
(' 1302106012', 'AS323', 'D', '2018-3'),
(' 1302106012', 'AS333', 'C', '2018-3'),
(' 1302106012', 'AS432', 'B', '2018-4'),
(' 1302106012', 'AS492', 'E', '2018-4'),
(' 1302106013', 'AH113', 'F', '2018-1'),
(' 1302106013', 'AH173', 'E', '2018-1'),
(' 1302106013', 'AH213', 'F', '2018-2'),
(' 1302106013', 'AH312', 'C', '2018-3'),
(' 1302106013', 'AH412', 'B', '2018-4'),
(' 1302106013', 'AR133', 'B', '2018-1'),
(' 1302106013', 'AR143', 'C', '2018-1'),
(' 1302106013', 'AR154', 'B', '2018-1'),
(' 1302106013', 'AR162', 'B', '2018-1'),
(' 1302106013', 'AR184', 'A', '2018-1'),
(' 1302106013', 'AR192', 'B', '2018-1'),
(' 1302106013', 'AR233', 'C', '2018-2'),
(' 1302106013', 'AR243', 'B', '2018-2'),
(' 1302106013', 'AR252', 'E', '2018-2'),
(' 1302106013', 'AR263', 'A', '2018-2'),
(' 1302106013', 'AR272', 'A', '2018-2'),
(' 1302106013', 'AR284', 'A', '2018-2'),
(' 1302106013', 'AR292', 'A', '2018-2'),
(' 1302106013', 'AR343', 'C', '2018-3'),
(' 1302106013', 'AR352', 'E', '2018-3'),
(' 1302106013', 'AR366', 'E', '2018-3'),
(' 1302106013', 'AR372', 'O', '2018-3'),
(' 1302106013', 'AR382', 'A', '2018-3'),
(' 1302106013', 'AR394', 'B', '2018-3'),
(' 1302106013', 'AR4102', 'E', '2018-4'),
(' 1302106013', 'AR423', 'D', '2018-4'),
(' 1302106013', 'AR443', 'C', '2018-4'),
(' 1302106013', 'AR452', 'C', '2018-4'),
(' 1302106013', 'AR466', 'B', '2018-4'),
(' 1302106013', 'AR472', 'B', '2018-4'),
(' 1302106013', 'AR484', 'A', '2018-4'),
(' 1302106013', 'AS123', 'F', '2018-1'),
(' 1302106013', 'AS223', 'C', '2018-2'),
(' 1302106013', 'AS323', 'B', '2018-3'),
(' 1302106013', 'AS333', 'B', '2018-3'),
(' 1302106013', 'AS432', 'C', '2018-4'),
(' 1302106013', 'AS492', 'E', '2018-4'),
(' 1302106014', 'AH113', 'F', '2018-1'),
(' 1302106014', 'AH173', 'E', '2018-1'),
(' 1302106014', 'AH213', 'F', '2018-2'),
(' 1302106014', 'AH312', 'D', '2018-3'),
(' 1302106014', 'AH412', 'D', '2018-4'),
(' 1302106014', 'AR133', 'D', '2018-1'),
(' 1302106014', 'AR143', 'F', '2018-1'),
(' 1302106014', 'AR154', 'B', '2018-1'),
(' 1302106014', 'AR162', 'B', '2018-1'),
(' 1302106014', 'AR184', 'C', '2018-1'),
(' 1302106014', 'AR192', 'F', '2018-1'),
(' 1302106014', 'AR233', 'D', '2018-2'),
(' 1302106014', 'AR243', 'C', '2018-2'),
(' 1302106014', 'AR252', 'A', '2018-2'),
(' 1302106014', 'AR263', 'A', '2018-2'),
(' 1302106014', 'AR272', 'A', '2018-2'),
(' 1302106014', 'AR284', 'B', '2018-2'),
(' 1302106014', 'AR292', 'B', '2018-2'),
(' 1302106014', 'AR343', 'D', '2018-3'),
(' 1302106014', 'AR352', 'B', '2018-3'),
(' 1302106014', 'AR366', 'E', '2018-3'),
(' 1302106014', 'AR372', 'O', '2018-3'),
(' 1302106014', 'AR382', 'E', '2018-3'),
(' 1302106014', 'AR394', 'C', '2018-3'),
(' 1302106014', 'AR4102', 'A', '2018-4'),
(' 1302106014', 'AR423', 'D', '2018-4'),
(' 1302106014', 'AR443', 'D', '2018-4'),
(' 1302106014', 'AR452', 'D', '2018-4'),
(' 1302106014', 'AR466', 'F', '2018-4'),
(' 1302106014', 'AR472', 'B', '2018-4'),
(' 1302106014', 'AR484', 'F', '2018-4'),
(' 1302106014', 'AS123', 'F', '2018-1'),
(' 1302106014', 'AS223', 'F', '2018-2'),
(' 1302106014', 'AS323', 'B', '2018-3'),
(' 1302106014', 'AS333', 'F', '2018-3'),
(' 1302106014', 'AS432', 'D', '2018-4'),
(' 1302106014', 'AS492', 'A', '2018-4'),
(' 1302106015', 'AH113', 'F', '2018-1'),
(' 1302106015', 'AH173', 'O', '2018-1'),
(' 1302106015', 'AH213', 'C', '2018-2'),
(' 1302106015', 'AH312', 'B', '2018-3'),
(' 1302106015', 'AH412', 'C', '2018-4'),
(' 1302106015', 'AR133', 'D', '2018-1'),
(' 1302106015', 'AR143', 'B', '2018-1'),
(' 1302106015', 'AR154', 'A', '2018-1'),
(' 1302106015', 'AR162', 'A', '2018-1'),
(' 1302106015', 'AR184', 'E', '2018-1'),
(' 1302106015', 'AR192', 'E', '2018-1'),
(' 1302106015', 'AR233', 'B', '2018-2'),
(' 1302106015', 'AR243', 'A', '2018-2'),
(' 1302106015', 'AR252', 'E', '2018-2'),
(' 1302106015', 'AR263', 'A', '2018-2'),
(' 1302106015', 'AR272', 'E', '2018-2'),
(' 1302106015', 'AR284', 'A', '2018-2'),
(' 1302106015', 'AR292', 'E', '2018-2'),
(' 1302106015', 'AR343', 'D', '2018-3'),
(' 1302106015', 'AR352', 'B', '2018-3'),
(' 1302106015', 'AR366', 'O', '2018-3'),
(' 1302106015', 'AR372', 'O', '2018-3'),
(' 1302106015', 'AR382', 'E', '2018-3'),
(' 1302106015', 'AR394', 'O', '2018-3'),
(' 1302106015', 'AR4102', 'E', '2018-4'),
(' 1302106015', 'AR423', 'D', '2018-4'),
(' 1302106015', 'AR443', 'C', '2018-4'),
(' 1302106015', 'AR452', 'B', '2018-4'),
(' 1302106015', 'AR466', 'B', '2018-4'),
(' 1302106015', 'AR472', 'O', '2018-4'),
(' 1302106015', 'AR484', 'O', '2018-4'),
(' 1302106015', 'AS123', 'D', '2018-1'),
(' 1302106015', 'AS223', 'B', '2018-2'),
(' 1302106015', 'AS323', 'A', '2018-3'),
(' 1302106015', 'AS333', 'B', '2018-3'),
(' 1302106015', 'AS432', 'B', '2018-4'),
(' 1302106015', 'AS492', 'E', '2018-4'),
(' 1302106016', 'AH113', 'F', '2018-1'),
(' 1302106016', 'AH173', 'E', '2018-1'),
(' 1302106016', 'AH213', 'F', '2018-2'),
(' 1302106016', 'AH312', 'D', '2018-3'),
(' 1302106016', 'AH412', 'F', '2018-4'),
(' 1302106016', 'AR133', 'F', '2018-1'),
(' 1302106016', 'AR143', 'D', '2018-1'),
(' 1302106016', 'AR154', 'C', '2018-1'),
(' 1302106016', 'AR162', 'C', '2018-1'),
(' 1302106016', 'AR184', 'C', '2018-1'),
(' 1302106016', 'AR192', 'F', '2018-1'),
(' 1302106016', 'AR233', 'F', '2018-2'),
(' 1302106016', 'AR243', 'D', '2018-2'),
(' 1302106016', 'AR252', 'E', '2018-2'),
(' 1302106016', 'AR263', 'F', '2018-2'),
(' 1302106016', 'AR272', 'E', '2018-2'),
(' 1302106016', 'AR284', 'B', '2018-2'),
(' 1302106016', 'AR292', 'A', '2018-2'),
(' 1302106016', 'AR343', 'F', '2018-3'),
(' 1302106016', 'AR352', 'C', '2018-3'),
(' 1302106016', 'AR366', 'E', '2018-3'),
(' 1302106016', 'AR372', 'O', '2018-3'),
(' 1302106016', 'AR382', 'E', '2018-3'),
(' 1302106016', 'AR394', 'B', '2018-3'),
(' 1302106016', 'AR4102', 'A', '2018-4'),
(' 1302106016', 'AR423', 'F', '2018-4'),
(' 1302106016', 'AR443', 'D', '2018-4'),
(' 1302106016', 'AR452', 'C', '2018-4'),
(' 1302106016', 'AR466', 'F', '2018-4'),
(' 1302106016', 'AR472', 'C', '2018-4'),
(' 1302106016', 'AR484', 'F', '2018-4'),
(' 1302106016', 'AS123', 'F', '2018-1'),
(' 1302106016', 'AS223', 'F', '2018-2'),
(' 1302106016', 'AS323', 'B', '2018-3'),
(' 1302106016', 'AS333', 'F', '2018-3'),
(' 1302106016', 'AS432', 'F', '2018-4'),
(' 1302106017', 'AH113', 'F', '2018-1'),
(' 1302106017', 'AH173', 'O', '2018-1'),
(' 1302106017', 'AH213', 'F', '2018-2'),
(' 1302106017', 'AH312', 'C', '2018-3'),
(' 1302106017', 'AH412', 'C', '2018-4'),
(' 1302106017', 'AR133', 'F', '2018-1'),
(' 1302106017', 'AR143', 'D', '2018-1'),
(' 1302106017', 'AR154', 'E', '2018-1'),
(' 1302106017', 'AR162', 'A', '2018-1'),
(' 1302106017', 'AR184', 'C', '2018-1'),
(' 1302106017', 'AR192', 'B', '2018-1'),
(' 1302106017', 'AR233', 'D', '2018-2'),
(' 1302106017', 'AR243', 'B', '2018-2'),
(' 1302106017', 'AR252', 'E', '2018-2'),
(' 1302106017', 'AR263', 'B', '2018-2'),
(' 1302106017', 'AR272', 'E', '2018-2'),
(' 1302106017', 'AR284', 'B', '2018-2'),
(' 1302106017', 'AR292', 'A', '2018-2'),
(' 1302106017', 'AR343', 'C', '2018-3'),
(' 1302106017', 'AR352', 'B', '2018-3'),
(' 1302106017', 'AR366', 'E', '2018-3'),
(' 1302106017', 'AR372', 'O', '2018-3'),
(' 1302106017', 'AR382', 'E', '2018-3'),
(' 1302106017', 'AR394', 'A', '2018-3'),
(' 1302106017', 'AR4102', 'E', '2018-4'),
(' 1302106017', 'AR423', 'D', '2018-4'),
(' 1302106017', 'AR443', 'D', '2018-4'),
(' 1302106017', 'AR452', 'B', '2018-4'),
(' 1302106017', 'AR466', 'C', '2018-4'),
(' 1302106017', 'AR472', 'B', '2018-4'),
(' 1302106017', 'AR484', 'A', '2018-4'),
(' 1302106017', 'AS123', 'F', '2018-1'),
(' 1302106017', 'AS223', 'C', '2018-2'),
(' 1302106017', 'AS323', 'C', '2018-3'),
(' 1302106017', 'AS333', 'D', '2018-3'),
(' 1302106017', 'AS432', 'B', '2018-4'),
(' 1302106017', 'AS492', 'A', '2018-4'),
(' 1302106018', 'AH113', 'D', '2018-1'),
(' 1302106018', 'AH173', 'O', '2018-1'),
(' 1302106018', 'AH213', 'C', '2018-2'),
(' 1302106018', 'AH312', 'B', '2018-3'),
(' 1302106018', 'AH412', 'A', '2018-4'),
(' 1302106018', 'AR133', 'F', '2018-1'),
(' 1302106018', 'AR143', 'B', '2018-1'),
(' 1302106018', 'AR154', 'A', '2018-1'),
(' 1302106018', 'AR162', 'A', '2018-1'),
(' 1302106018', 'AR184', 'B', '2018-1'),
(' 1302106018', 'AR192', 'O', '2018-1'),
(' 1302106018', 'AR233', 'B', '2018-2'),
(' 1302106018', 'AR243', 'E', '2018-2'),
(' 1302106018', 'AR252', 'O', '2018-2'),
(' 1302106018', 'AR263', 'E', '2018-2'),
(' 1302106018', 'AR272', 'E', '2018-2'),
(' 1302106018', 'AR284', 'A', '2018-2'),
(' 1302106018', 'AR292', 'O', '2018-2'),
(' 1302106018', 'AR343', 'A', '2018-3'),
(' 1302106018', 'AR352', 'O', '2018-3'),
(' 1302106018', 'AR366', 'O', '2018-3'),
(' 1302106018', 'AR372', 'O', '2018-3'),
(' 1302106018', 'AR382', 'A', '2018-3'),
(' 1302106018', 'AR394', 'O', '2018-3'),
(' 1302106018', 'AR4102', 'A', '2018-4'),
(' 1302106018', 'AR423', 'C', '2018-4'),
(' 1302106018', 'AR443', 'B', '2018-4'),
(' 1302106018', 'AR452', 'A', '2018-4'),
(' 1302106018', 'AR466', 'A', '2018-4'),
(' 1302106018', 'AR472', 'F', '2018-4'),
(' 1302106018', 'AR484', 'O', '2018-4'),
(' 1302106018', 'AS123', 'D', '2018-1'),
(' 1302106018', 'AS223', 'B', '2018-2'),
(' 1302106018', 'AS323', 'A', '2018-3'),
(' 1302106018', 'AS333', 'A', '2018-3'),
(' 1302106018', 'AS432', 'A', '2018-4'),
(' 1302106018', 'AS492', 'O', '2018-4'),
(' 1302106019', 'AH113', 'D', '2018-1'),
(' 1302106019', 'AH173', 'O', '2018-1'),
(' 1302106019', 'AH213', 'C', '2018-2'),
(' 1302106019', 'AH312', 'A', '2018-3'),
(' 1302106019', 'AH412', 'B', '2018-4'),
(' 1302106019', 'AR133', 'D', '2018-1'),
(' 1302106019', 'AR143', 'B', '2018-1'),
(' 1302106019', 'AR154', 'B', '2018-1'),
(' 1302106019', 'AR162', 'B', '2018-1'),
(' 1302106019', 'AR184', 'A', '2018-1'),
(' 1302106019', 'AR192', 'E', '2018-1'),
(' 1302106019', 'AR233', 'A', '2018-2'),
(' 1302106019', 'AR243', 'E', '2018-2'),
(' 1302106019', 'AR252', 'O', '2018-2'),
(' 1302106019', 'AR263', 'E', '2018-2'),
(' 1302106019', 'AR272', 'O', '2018-2'),
(' 1302106019', 'AR284', 'A', '2018-2'),
(' 1302106019', 'AR292', 'O', '2018-2'),
(' 1302106019', 'AR343', 'B', '2018-3'),
(' 1302106019', 'AR352', 'A', '2018-3'),
(' 1302106019', 'AR366', 'O', '2018-3'),
(' 1302106019', 'AR372', 'O', '2018-3'),
(' 1302106019', 'AR382', 'O', '2018-3'),
(' 1302106019', 'AR394', 'O', '2018-3'),
(' 1302106019', 'AR4102', 'A', '2018-4'),
(' 1302106019', 'AR423', 'B', '2018-4'),
(' 1302106019', 'AR443', 'B', '2018-4'),
(' 1302106019', 'AR452', 'A', '2018-4'),
(' 1302106019', 'AR466', 'A', '2018-4'),
(' 1302106019', 'AR472', 'B', '2018-4'),
(' 1302106019', 'AR484', 'O', '2018-4'),
(' 1302106019', 'AS123', 'C', '2018-1'),
(' 1302106019', 'AS223', 'B', '2018-2'),
(' 1302106019', 'AS323', 'A', '2018-3'),
(' 1302106019', 'AS333', 'B', '2018-3'),
(' 1302106019', 'AS432', 'A', '2018-4'),
(' 1302106019', 'AS492', 'O', '2018-4'),
(' 1302106020', 'AH113', 'F', '2018-1'),
(' 1302106020', 'AH173', 'E', '2018-1'),
(' 1302106020', 'AH213', 'D', '2018-2'),
(' 1302106020', 'AH312', 'C', '2018-3'),
(' 1302106020', 'AH412', 'B', '2018-4'),
(' 1302106020', 'AR133', 'C', '2018-1'),
(' 1302106020', 'AR143', 'C', '2018-1'),
(' 1302106020', 'AR154', 'C', '2018-1'),
(' 1302106020', 'AR162', 'C', '2018-1'),
(' 1302106020', 'AR184', 'C', '2018-1'),
(' 1302106020', 'AR192', 'C', '2018-1'),
(' 1302106020', 'AR233', 'C', '2018-2'),
(' 1302106020', 'AR243', 'A', '2018-2'),
(' 1302106020', 'AR252', 'E', '2018-2'),
(' 1302106020', 'AR263', 'C', '2018-2'),
(' 1302106020', 'AR272', 'A', '2018-2'),
(' 1302106020', 'AR284', 'B', '2018-2'),
(' 1302106020', 'AR292', 'B', '2018-2'),
(' 1302106020', 'AR343', 'C', '2018-3'),
(' 1302106020', 'AR352', 'A', '2018-3'),
(' 1302106020', 'AR366', 'O', '2018-3'),
(' 1302106020', 'AR372', 'O', '2018-3'),
(' 1302106020', 'AR382', 'A', '2018-3'),
(' 1302106020', 'AR394', 'A', '2018-3'),
(' 1302106020', 'AR4102', 'E', '2018-4'),
(' 1302106020', 'AR423', 'D', '2018-4'),
(' 1302106020', 'AR443', 'C', '2018-4'),
(' 1302106020', 'AR452', 'A', '2018-4'),
(' 1302106020', 'AR466', 'F', '2018-4'),
(' 1302106020', 'AR472', 'A', '2018-4'),
(' 1302106020', 'AR484', 'A', '2018-4'),
(' 1302106020', 'AS123', 'F', '2018-1'),
(' 1302106020', 'AS223', 'D', '2018-2'),
(' 1302106020', 'AS323', 'A', '2018-3'),
(' 1302106020', 'AS333', 'C', '2018-3'),
(' 1302106020', 'AS432', 'B', '2018-4'),
(' 1302106020', 'AS492', 'A', '2018-4'),
(' 1302106021', 'AH113', 'D', '2018-1'),
(' 1302106021', 'AH173', 'E', '2018-1'),
(' 1302106021', 'AH213', 'D', '2018-2'),
(' 1302106021', 'AH312', 'B', '2018-3'),
(' 1302106021', 'AH412', 'A', '2018-4'),
(' 1302106021', 'AR133', 'D', '2018-1'),
(' 1302106021', 'AR143', 'C', '2018-1'),
(' 1302106021', 'AR154', 'B', '2018-1'),
(' 1302106021', 'AR162', 'B', '2018-1'),
(' 1302106021', 'AR184', 'B', '2018-1'),
(' 1302106021', 'AR192', 'B', '2018-1'),
(' 1302106021', 'AR233', 'D', '2018-2'),
(' 1302106021', 'AR243', 'E', '2018-2'),
(' 1302106021', 'AR252', 'E', '2018-2'),
(' 1302106021', 'AR263', 'C', '2018-2'),
(' 1302106021', 'AR272', 'A', '2018-2'),
(' 1302106021', 'AR284', 'A', '2018-2'),
(' 1302106021', 'AR292', 'A', '2018-2'),
(' 1302106021', 'AR343', 'D', '2018-3'),
(' 1302106021', 'AR352', 'A', '2018-3'),
(' 1302106021', 'AR366', 'E', '2018-3'),
(' 1302106021', 'AR372', 'O', '2018-3'),
(' 1302106021', 'AR382', 'A', '2018-3'),
(' 1302106021', 'AR394', 'B', '2018-3'),
(' 1302106021', 'AR4102', 'A', '2018-4'),
(' 1302106021', 'AR423', 'B', '2018-4'),
(' 1302106021', 'AR443', 'B', '2018-4'),
(' 1302106021', 'AR452', 'E', '2018-4'),
(' 1302106021', 'AR466', 'A', '2018-4'),
(' 1302106021', 'AR472', 'F', '2018-4'),
(' 1302106021', 'AR484', 'E', '2018-4'),
(' 1302106021', 'AS123', 'F', '2018-1'),
(' 1302106021', 'AS223', 'D', '2018-2'),
(' 1302106021', 'AS323', 'B', '2018-3'),
(' 1302106021', 'AS333', 'B', '2018-3'),
(' 1302106021', 'AS432', 'B', '2018-4'),
(' 1302106021', 'AS492', 'E', '2018-4'),
(' 1302106022', 'AH113', 'F', '2018-1'),
(' 1302106022', 'AH173', 'O', '2018-1'),
(' 1302106022', 'AH213', 'F', '2018-2'),
(' 1302106022', 'AH312', 'C', '2018-3'),
(' 1302106022', 'AH412', 'A', '2018-4'),
(' 1302106022', 'AR133', 'D', '2018-1'),
(' 1302106022', 'AR143', 'B', '2018-1'),
(' 1302106022', 'AR154', 'A', '2018-1'),
(' 1302106022', 'AR162', 'A', '2018-1'),
(' 1302106022', 'AR184', 'B', '2018-1'),
(' 1302106022', 'AR192', 'A', '2018-1'),
(' 1302106022', 'AR233', 'B', '2018-2'),
(' 1302106022', 'AR243', 'E', '2018-2'),
(' 1302106022', 'AR252', 'E', '2018-2'),
(' 1302106022', 'AR263', 'B', '2018-2'),
(' 1302106022', 'AR272', 'E', '2018-2'),
(' 1302106022', 'AR284', 'A', '2018-2'),
(' 1302106022', 'AR292', 'E', '2018-2'),
(' 1302106022', 'AR343', 'C', '2018-3'),
(' 1302106022', 'AR352', 'E', '2018-3'),
(' 1302106022', 'AR366', 'O', '2018-3'),
(' 1302106022', 'AR372', 'O', '2018-3'),
(' 1302106022', 'AR382', 'A', '2018-3'),
(' 1302106022', 'AR394', 'O', '2018-3'),
(' 1302106022', 'AR4102', 'A', '2018-4'),
(' 1302106022', 'AR423', 'C', '2018-4'),
(' 1302106022', 'AR443', 'A', '2018-4'),
(' 1302106022', 'AR452', 'E', '2018-4'),
(' 1302106022', 'AR466', 'E', '2018-4'),
(' 1302106022', 'AR472', 'A', '2018-4'),
(' 1302106022', 'AR484', 'O', '2018-4'),
(' 1302106022', 'AS123', 'F', '2018-1'),
(' 1302106022', 'AS223', 'F', '2018-2'),
(' 1302106022', 'AS323', 'B', '2018-3'),
(' 1302106022', 'AS333', 'F', '2018-3'),
(' 1302106022', 'AS432', 'A', '2018-4'),
(' 1302106022', 'AS492', 'O', '2018-4'),
(' 1302106023', 'AH113', 'F', '2018-1'),
(' 1302106023', 'AH173', 'O', '2018-1'),
(' 1302106023', 'AH213', 'F', '2018-2'),
(' 1302106023', 'AH312', 'B', '2018-3'),
(' 1302106023', 'AH412', 'A', '2018-4'),
(' 1302106023', 'AR133', 'D', '2018-1'),
(' 1302106023', 'AR143', 'D', '2018-1'),
(' 1302106023', 'AR154', 'C', '2018-1'),
(' 1302106023', 'AR162', 'C', '2018-1'),
(' 1302106023', 'AR184', 'B', '2018-1'),
(' 1302106023', 'AR192', 'B', '2018-1'),
(' 1302106023', 'AR233', 'C', '2018-2'),
(' 1302106023', 'AR243', 'A', '2018-2'),
(' 1302106023', 'AR252', 'A', '2018-2'),
(' 1302106023', 'AR263', 'B', '2018-2'),
(' 1302106023', 'AR272', 'E', '2018-2'),
(' 1302106023', 'AR284', 'A', '2018-2'),
(' 1302106023', 'AR292', 'E', '2018-2'),
(' 1302106023', 'AR343', 'B', '2018-3'),
(' 1302106023', 'AR352', 'A', '2018-3'),
(' 1302106023', 'AR366', 'O', '2018-3'),
(' 1302106023', 'AR372', 'O', '2018-3'),
(' 1302106023', 'AR382', 'O', '2018-3'),
(' 1302106023', 'AR394', 'E', '2018-3'),
(' 1302106023', 'AR4102', 'A', '2018-4'),
(' 1302106023', 'AR423', 'C', '2018-4'),
(' 1302106023', 'AR443', 'B', '2018-4'),
(' 1302106023', 'AR452', 'A', '2018-4'),
(' 1302106023', 'AR466', 'B', '2018-4'),
(' 1302106023', 'AR472', 'E', '2018-4'),
(' 1302106023', 'AR484', 'O', '2018-4'),
(' 1302106023', 'AS123', 'D', '2018-1'),
(' 1302106023', 'AS223', 'C', '2018-2'),
(' 1302106023', 'AS323', 'B', '2018-3'),
(' 1302106023', 'AS333', 'D', '2018-3'),
(' 1302106023', 'AS432', 'C', '2018-4'),
(' 1302106023', 'AS492', 'O', '2018-4'),
(' 1302106024', 'AH113', 'C', '2018-1'),
(' 1302106024', 'AH173', 'E', '2018-1'),
(' 1302106024', 'AH213', 'B', '2018-2'),
(' 1302106024', 'AH312', 'B', '2018-3'),
(' 1302106024', 'AH412', 'A', '2018-4'),
(' 1302106024', 'AR133', 'A', '2018-1'),
(' 1302106024', 'AR143', 'B', '2018-1'),
(' 1302106024', 'AR154', 'B', '2018-1'),
(' 1302106024', 'AR162', 'B', '2018-1'),
(' 1302106024', 'AR184', 'B', '2018-1'),
(' 1302106024', 'AR192', 'A', '2018-1'),
(' 1302106024', 'AR233', 'B', '2018-2'),
(' 1302106024', 'AR243', 'E', '2018-2'),
(' 1302106024', 'AR252', 'O', '2018-2'),
(' 1302106024', 'AR263', 'E', '2018-2'),
(' 1302106024', 'AR272', 'A', '2018-2'),
(' 1302106024', 'AR284', 'A', '2018-2'),
(' 1302106024', 'AR292', 'A', '2018-2'),
(' 1302106024', 'AR343', 'C', '2018-3'),
(' 1302106024', 'AR352', 'E', '2018-3'),
(' 1302106024', 'AR366', 'E', '2018-3'),
(' 1302106024', 'AR372', 'O', '2018-3'),
(' 1302106024', 'AR382', 'O', '2018-3'),
(' 1302106024', 'AR394', 'B', '2018-3'),
(' 1302106024', 'AR4102', 'A', '2018-4'),
(' 1302106024', 'AR423', 'C', '2018-4'),
(' 1302106024', 'AR443', 'A', '2018-4'),
(' 1302106024', 'AR452', 'E', '2018-4'),
(' 1302106024', 'AR466', 'A', '2018-4'),
(' 1302106024', 'AR472', 'F', '2018-4'),
(' 1302106024', 'AR484', 'B', '2018-4'),
(' 1302106024', 'AS123', 'C', '2018-1'),
(' 1302106024', 'AS223', 'B', '2018-2'),
(' 1302106024', 'AS323', 'B', '2018-3'),
(' 1302106024', 'AS333', 'B', '2018-3'),
(' 1302106024', 'AS432', 'B', '2018-4'),
(' 1302106024', 'AS492', 'E', '2018-4'),
(' 1302106025', 'AH113', 'D', '2018-1'),
(' 1302106025', 'AH173', 'E', '2018-1'),
(' 1302106025', 'AH213', 'D', '2018-2'),
(' 1302106025', 'AH312', 'C', '2018-3'),
(' 1302106025', 'AH412', 'B', '2018-4'),
(' 1302106025', 'AR133', 'C', '2018-1'),
(' 1302106025', 'AR143', 'C', '2018-1'),
(' 1302106025', 'AR154', 'B', '2018-1'),
(' 1302106025', 'AR162', 'B', '2018-1'),
(' 1302106025', 'AR184', 'B', '2018-1'),
(' 1302106025', 'AR192', 'A', '2018-1'),
(' 1302106025', 'AR233', 'B', '2018-2'),
(' 1302106025', 'AR243', 'A', '2018-2'),
(' 1302106025', 'AR252', 'A', '2018-2'),
(' 1302106025', 'AR263', 'A', '2018-2'),
(' 1302106025', 'AR272', 'A', '2018-2'),
(' 1302106025', 'AR284', 'A', '2018-2'),
(' 1302106025', 'AR292', 'E', '2018-2'),
(' 1302106025', 'AR343', 'C', '2018-3'),
(' 1302106025', 'AR352', 'E', '2018-3'),
(' 1302106025', 'AR366', 'E', '2018-3'),
(' 1302106025', 'AR372', 'O', '2018-3'),
(' 1302106025', 'AR382', 'E', '2018-3'),
(' 1302106025', 'AR394', 'E', '2018-3'),
(' 1302106025', 'AR4102', 'A', '2018-4'),
(' 1302106025', 'AR423', 'C', '2018-4'),
(' 1302106025', 'AR443', 'C', '2018-4'),
(' 1302106025', 'AR452', 'A', '2018-4'),
(' 1302106025', 'AR466', 'A', '2018-4'),
(' 1302106025', 'AR472', 'F', '2018-4'),
(' 1302106025', 'AR484', 'O', '2018-4'),
(' 1302106025', 'AS123', 'F', '2018-1'),
(' 1302106025', 'AS223', 'C', '2018-2'),
(' 1302106025', 'AS323', 'A', '2018-3'),
(' 1302106025', 'AS333', 'C', '2018-3'),
(' 1302106025', 'AS432', 'A', '2018-4'),
(' 1302106025', 'AS492', 'O', '2018-4'),
(' 1302106026', 'AH113', 'C', '2018-1'),
(' 1302106026', 'AH173', 'O', '2018-1'),
(' 1302106026', 'AH213', 'B', '2018-2'),
(' 1302106026', 'AH312', 'C', '2018-3'),
(' 1302106026', 'AH412', 'B', '2018-4'),
(' 1302106026', 'AR143', 'D', '2018-1'),
(' 1302106026', 'AR154', 'A', '2018-1'),
(' 1302106026', 'AR162', 'A', '2018-1'),
(' 1302106026', 'AR184', 'B', '2018-1'),
(' 1302106026', 'AR192', 'A', '2018-1'),
(' 1302106026', 'AR233', 'D', '2018-2'),
(' 1302106026', 'AR243', 'A', '2018-2'),
(' 1302106026', 'AR252', 'O', '2018-2'),
(' 1302106026', 'AR263', 'A', '2018-2'),
(' 1302106026', 'AR272', 'E', '2018-2'),
(' 1302106026', 'AR284', 'A', '2018-2'),
(' 1302106026', 'AR292', 'E', '2018-2'),
(' 1302106026', 'AR343', 'D', '2018-3'),
(' 1302106026', 'AR352', 'E', '2018-3'),
(' 1302106026', 'AR366', 'O', '2018-3'),
(' 1302106026', 'AR372', 'O', '2018-3'),
(' 1302106026', 'AR382', 'E', '2018-3'),
(' 1302106026', 'AR394', 'O', '2018-3'),
(' 1302106026', 'AR4102', 'A', '2018-4'),
(' 1302106026', 'AR423', 'D', '2018-4'),
(' 1302106026', 'AR443', 'B', '2018-4'),
(' 1302106026', 'AR452', 'A', '2018-4'),
(' 1302106026', 'AR466', 'A', '2018-4'),
(' 1302106026', 'AR472', 'A', '2018-4'),
(' 1302106026', 'AR484', 'O', '2018-4'),
(' 1302106026', 'AS123', 'F', '2018-1'),
(' 1302106026', 'AS223', 'C', '2018-2'),
(' 1302106026', 'AS323', 'A', '2018-3'),
(' 1302106026', 'AS333', 'F', '2018-3'),
(' 1302106026', 'AS432', 'A', '2018-4'),
(' 1302106026', 'AS492', 'E', '2018-4'),
(' 1302106027', 'AH113', 'F', '2018-1'),
(' 1302106027', 'AH173', 'E', '2018-1'),
(' 1302106027', 'AH213', 'F', '2018-2'),
(' 1302106027', 'AH312', 'S', '2018-3'),
(' 1302106027', 'AH412', 'S', '2018-4'),
(' 1302106027', 'AR133', 'B', '2018-1'),
(' 1302106027', 'AR143', 'B', '2018-1'),
(' 1302106027', 'AR154', 'A', '2018-1'),
(' 1302106027', 'AR162', 'A', '2018-1'),
(' 1302106027', 'AR184', 'B', '2018-1'),
(' 1302106027', 'AR192', 'E', '2018-1'),
(' 1302106027', 'AR233', 'D', '2018-2'),
(' 1302106027', 'AR243', 'B', '2018-2'),
(' 1302106027', 'AR252', 'E', '2018-2'),
(' 1302106027', 'AR263', 'A', '2018-2'),
(' 1302106027', 'AR272', 'E', '2018-2'),
(' 1302106027', 'AR284', 'A', '2018-2'),
(' 1302106027', 'AR292', 'A', '2018-2'),
(' 1302106027', 'AR343', 'S', '2018-3'),
(' 1302106027', 'AR352', 'S', '2018-3'),
(' 1302106027', 'AR372', 'O', '2018-3'),
(' 1302106027', 'AR382', 'A', '2018-3'),
(' 1302106027', 'AR394', 'F', '2018-3'),
(' 1302106027', 'AR4102', 'F', '2018-4'),
(' 1302106027', 'AR423', 'S', '2018-4'),
(' 1302106027', 'AR443', 'S', '2018-4'),
(' 1302106027', 'AR452', 'S', '2018-4'),
(' 1302106027', 'AR466', 'F', '2018-4'),
(' 1302106027', 'AR472', 'F', '2018-4'),
(' 1302106027', 'AR484', 'F', '2018-4'),
(' 1302106027', 'AS123', 'D', '2018-1'),
(' 1302106027', 'AS223', 'D', '2018-2'),
(' 1302106027', 'AS323', 'S', '2018-3'),
(' 1302106027', 'AS333', 'S', '2018-3'),
(' 1302106027', 'AS432', 'S', '2018-4'),
(' 1302106028', 'AH113', 'F', '2018-1'),
(' 1302106028', 'AH173', 'E', '2018-1'),
(' 1302106028', 'AH213', 'F', '2018-2'),
(' 1302106028', 'AH312', 'C', '2018-3'),
(' 1302106028', 'AH412', 'B', '2018-4'),
(' 1302106028', 'AR133', 'D', '2018-1'),
(' 1302106028', 'AR143', 'C', '2018-1'),
(' 1302106028', 'AR154', 'B', '2018-1'),
(' 1302106028', 'AR162', 'B', '2018-1'),
(' 1302106028', 'AR184', 'B', '2018-1'),
(' 1302106028', 'AR192', 'C', '2018-1'),
(' 1302106028', 'AR233', 'D', '2018-2'),
(' 1302106028', 'AR243', 'C', '2018-2'),
(' 1302106028', 'AR252', 'A', '2018-2'),
(' 1302106028', 'AR263', 'F', '2018-2'),
(' 1302106028', 'AR272', 'A', '2018-2'),
(' 1302106028', 'AR284', 'A', '2018-2'),
(' 1302106028', 'AR292', 'B', '2018-2'),
(' 1302106028', 'AR343', 'D', '2018-3'),
(' 1302106028', 'AR352', 'A', '2018-3'),
(' 1302106028', 'AR366', 'O', '2018-3'),
(' 1302106028', 'AR372', 'O', '2018-3'),
(' 1302106028', 'AR382', 'E', '2018-3'),
(' 1302106028', 'AR394', 'E', '2018-3'),
(' 1302106028', 'AR4102', 'A', '2018-4'),
(' 1302106028', 'AR423', 'D', '2018-4'),
(' 1302106028', 'AR443', 'C', '2018-4'),
(' 1302106028', 'AR452', 'B', '2018-4'),
(' 1302106028', 'AR466', 'C', '2018-4'),
(' 1302106028', 'AR472', 'F', '2018-4'),
(' 1302106028', 'AR484', 'O', '2018-4'),
(' 1302106028', 'AS123', 'D', '2018-1'),
(' 1302106028', 'AS223', 'F', '2018-2'),
(' 1302106028', 'AS323', 'A', '2018-3'),
(' 1302106028', 'AS333', 'C', '2018-3'),
(' 1302106028', 'AS432', 'C', '2018-4'),
(' 1302106028', 'AS492', 'A', '2018-4'),
(' 1302106029', 'AH113', 'D', '2018-1'),
(' 1302106029', 'AH173', 'E', '2018-1'),
(' 1302106029', 'AH213', 'C', '2018-2'),
(' 1302106029', 'AH312', 'C', '2018-3'),
(' 1302106029', 'AH412', 'B', '2018-4'),
(' 1302106029', 'AR133', 'D', '2018-1'),
(' 1302106029', 'AR143', 'C', '2018-1'),
(' 1302106029', 'AR154', 'C', '2018-1'),
(' 1302106029', 'AR162', 'C', '2018-1'),
(' 1302106029', 'AR184', 'B', '2018-1'),
(' 1302106029', 'AR192', 'B', '2018-1'),
(' 1302106029', 'AR233', 'C', '2018-2'),
(' 1302106029', 'AR243', 'A', '2018-2'),
(' 1302106029', 'AR252', 'A', '2018-2'),
(' 1302106029', 'AR263', 'B', '2018-2'),
(' 1302106029', 'AR272', 'A', '2018-2'),
(' 1302106029', 'AR284', 'A', '2018-2'),
(' 1302106029', 'AR292', 'A', '2018-2'),
(' 1302106029', 'AR343', 'B', '2018-3'),
(' 1302106029', 'AR352', 'A', '2018-3'),
(' 1302106029', 'AR366', 'E', '2018-3'),
(' 1302106029', 'AR372', 'O', '2018-3'),
(' 1302106029', 'AR382', 'E', '2018-3'),
(' 1302106029', 'AR394', 'A', '2018-3'),
(' 1302106029', 'AR4102', 'A', '2018-4'),
(' 1302106029', 'AR423', 'C', '2018-4'),
(' 1302106029', 'AR443', 'C', '2018-4'),
(' 1302106029', 'AR452', 'A', '2018-4'),
(' 1302106029', 'AR466', 'A', '2018-4'),
(' 1302106029', 'AR472', 'A', '2018-4'),
(' 1302106029', 'AR484', 'O', '2018-4'),
(' 1302106029', 'AS123', 'D', '2018-1'),
(' 1302106029', 'AS223', 'F', '2018-2'),
(' 1302106029', 'AS323', 'A', '2018-3'),
(' 1302106029', 'AS333', 'C', '2018-3'),
(' 1302106029', 'AS432', 'A', '2018-4'),
(' 1302106029', 'AS492', 'E', '2018-4'),
(' 1302106030', 'AH113', 'D', '2018-1'),
(' 1302106030', 'AH173', 'E', '2018-1'),
(' 1302106030', 'AH213', 'C', '2018-2'),
(' 1302106030', 'AH312', 'A', '2018-3'),
(' 1302106030', 'AH412', 'A', '2018-4'),
(' 1302106030', 'AR133', 'A', '2018-1'),
(' 1302106030', 'AR143', 'B', '2018-1'),
(' 1302106030', 'AR154', 'B', '2018-1'),
(' 1302106030', 'AR162', 'B', '2018-1'),
(' 1302106030', 'AR184', 'B', '2018-1'),
(' 1302106030', 'AR192', 'A', '2018-1'),
(' 1302106030', 'AR233', 'E', '2018-2'),
(' 1302106030', 'AR243', 'E', '2018-2'),
(' 1302106030', 'AR252', 'O', '2018-2'),
(' 1302106030', 'AR263', 'A', '2018-2'),
(' 1302106030', 'AR272', 'E', '2018-2'),
(' 1302106030', 'AR284', 'A', '2018-2'),
(' 1302106030', 'AR292', 'E', '2018-2'),
(' 1302106030', 'AR343', 'C', '2018-3'),
(' 1302106030', 'AR352', 'E', '2018-3'),
(' 1302106030', 'AR366', 'O', '2018-3'),
(' 1302106030', 'AR372', 'O', '2018-3'),
(' 1302106030', 'AR382', 'E', '2018-3'),
(' 1302106030', 'AR394', 'E', '2018-3'),
(' 1302106030', 'AR4102', 'E', '2018-4'),
(' 1302106030', 'AR423', 'C', '2018-4'),
(' 1302106030', 'AR443', 'A', '2018-4'),
(' 1302106030', 'AR452', 'A', '2018-4'),
(' 1302106030', 'AR466', 'E', '2018-4'),
(' 1302106030', 'AR472', 'O', '2018-4'),
(' 1302106030', 'AR484', 'E', '2018-4'),
(' 1302106030', 'AS123', 'D', '2018-1'),
(' 1302106030', 'AS223', 'C', '2018-2'),
(' 1302106030', 'AS323', 'A', '2018-3'),
(' 1302106030', 'AS333', 'B', '2018-3'),
(' 1302106030', 'AS432', 'A', '2018-4'),
(' 1302106030', 'AS492', 'E', '2018-4'),
(' 1302106031', 'AH113', 'F', '2018-1'),
(' 1302106031', 'AH173', 'O', '2018-1'),
(' 1302106031', 'AH213', 'D', '2018-2'),
(' 1302106031', 'AH312', 'D', '2018-3'),
(' 1302106031', 'AH412', 'B', '2018-4'),
(' 1302106031', 'AR133', 'D', '2018-1'),
(' 1302106031', 'AR143', 'C', '2018-1'),
(' 1302106031', 'AR154', 'C', '2018-1'),
(' 1302106031', 'AR162', 'C', '2018-1'),
(' 1302106031', 'AR184', 'C', '2018-1'),
(' 1302106031', 'AR192', 'B', '2018-1'),
(' 1302106031', 'AR233', 'B', '2018-2'),
(' 1302106031', 'AR243', 'E', '2018-2'),
(' 1302106031', 'AR252', 'A', '2018-2'),
(' 1302106031', 'AR263', 'A', '2018-2'),
(' 1302106031', 'AR272', 'A', '2018-2'),
(' 1302106031', 'AR284', 'B', '2018-2'),
(' 1302106031', 'AR292', 'A', '2018-2'),
(' 1302106031', 'AR343', 'D', '2018-3'),
(' 1302106031', 'AR352', 'E', '2018-3'),
(' 1302106031', 'AR366', 'E', '2018-3'),
(' 1302106031', 'AR372', 'O', '2018-3'),
(' 1302106031', 'AR382', 'A', '2018-3'),
(' 1302106031', 'AR394', 'E', '2018-3'),
(' 1302106031', 'AR4102', 'A', '2018-4'),
(' 1302106031', 'AR423', 'C', '2018-4'),
(' 1302106031', 'AR443', 'D', '2018-4'),
(' 1302106031', 'AR452', 'A', '2018-4'),
(' 1302106031', 'AR466', 'B', '2018-4'),
(' 1302106031', 'AR472', 'B', '2018-4'),
(' 1302106031', 'AR484', 'F', '2018-4'),
(' 1302106031', 'AS123', 'F', '2018-1'),
(' 1302106031', 'AS223', 'F', '2018-2'),
(' 1302106031', 'AS323', 'B', '2018-3'),
(' 1302106031', 'AS333', 'C', '2018-3'),
(' 1302106031', 'AS432', 'C', '2018-4'),
(' 1302106031', 'AS492', 'E', '2018-4'),
(' 1302106032', 'AH113', 'F', '2018-1'),
(' 1302106032', 'AH173', 'E', '2018-1'),
(' 1302106032', 'AH213', 'F', '2018-2'),
(' 1302106032', 'AH312', 'C', '2018-3'),
(' 1302106032', 'AH412', 'B', '2018-4'),
(' 1302106032', 'AR133', 'C', '2018-1'),
(' 1302106032', 'AR143', 'B', '2018-1'),
(' 1302106032', 'AR154', 'C', '2018-1'),
(' 1302106032', 'AR162', 'C', '2018-1'),
(' 1302106032', 'AR184', 'C', '2018-1'),
(' 1302106032', 'AR192', 'B', '2018-1'),
(' 1302106032', 'AR233', 'C', '2018-2'),
(' 1302106032', 'AR243', 'A', '2018-2'),
(' 1302106032', 'AR252', 'E', '2018-2'),
(' 1302106032', 'AR263', 'E', '2018-2'),
(' 1302106032', 'AR272', 'A', '2018-2'),
(' 1302106032', 'AR284', 'A', '2018-2'),
(' 1302106032', 'AR292', 'B', '2018-2'),
(' 1302106032', 'AR343', 'C', '2018-3'),
(' 1302106032', 'AR352', 'E', '2018-3'),
(' 1302106032', 'AR366', 'B', '2018-3'),
(' 1302106032', 'AR372', 'O', '2018-3'),
(' 1302106032', 'AR382', 'A', '2018-3'),
(' 1302106032', 'AR394', 'B', '2018-3'),
(' 1302106032', 'AR4102', 'E', '2018-4'),
(' 1302106032', 'AR423', 'C', '2018-4'),
(' 1302106032', 'AR443', 'B', '2018-4'),
(' 1302106032', 'AR452', 'A', '2018-4'),
(' 1302106032', 'AR466', 'F', '2018-4'),
(' 1302106032', 'AR472', 'F', '2018-4'),
(' 1302106032', 'AR484', 'F', '2018-4'),
(' 1302106032', 'AS123', 'F', '2018-1'),
(' 1302106032', 'AS223', 'D', '2018-2'),
(' 1302106032', 'AS323', 'A', '2018-3'),
(' 1302106032', 'AS333', 'D', '2018-3'),
(' 1302106032', 'AS432', 'D', '2018-4'),
(' 1302106032', 'AS492', 'E', '2018-4'),
('1302106001', 'AE523', 'C', '2018-5'),
('1302106001', 'AH113', 'F', '2018-1'),
('1302106001', 'AH173', 'E', '2018-1'),
('1302106001', 'AH213', 'C', '2018-2'),
('1302106001', 'AH312', 'C', '2018-3'),
('1302106001', 'AH412', 'C', '2018-4'),
('1302106001', 'AH542', 'C', '2018-5'),
('1302106001', 'AM623', 'C', '2018-6'),
('1302106001', 'AR133', 'D', '2018-1'),
('1302106001', 'AR143', 'C', '2018-1'),
('1302106001', 'AR154', 'C', '2018-1'),
('1302106001', 'AR162', 'C', '2018-1'),
('1302106001', 'AR184', 'C', '2018-1'),
('1302106001', 'AR192', 'B', '2018-1'),
('1302106001', 'AR233', 'B', '2018-2'),
('1302106001', 'AR243', 'A', '2018-2'),
('1302106001', 'AR252', 'O', '2018-2'),
('1302106001', 'AR263', 'E', '2018-2'),
('1302106001', 'AR272', 'E', '2018-2'),
('1302106001', 'AR284', 'B', '2018-2'),
('1302106001', 'AR292', 'O', '2018-2'),
('1302106001', 'AR343', 'D', '2018-3'),
('1302106001', 'AR352', 'B', '2018-3'),
('1302106001', 'AR366', 'O', '2018-3'),
('1302106001', 'AR372', 'O', '2018-3'),
('1302106001', 'AR382', 'O', '2018-3'),
('1302106001', 'AR394', 'O', '2018-3'),
('1302106001', 'AR4102', 'E', '2018-4'),
('1302106001', 'AR423', 'C', '2018-4'),
('1302106001', 'AR443', 'C', '2018-4'),
('1302106001', 'AR452', 'B', '2018-4'),
('1302106001', 'AR466', 'O', '2018-4'),
('1302106001', 'AR472', 'A', '2018-4'),
('1302106001', 'AR484', 'O', '2018-4'),
('1302106001', 'AR513', 'D', '2018-5'),
('1302106001', 'AR553', 'B', '2018-5'),
('1302106001', 'AR566', 'E', '2018-5'),
('1302106001', 'AR572', 'O', '2018-5'),
('1302106001', 'AR594', 'E', '2018-5'),
('1302106001', 'AR633', 'A', '2018-6'),
('1302106001', 'AR642', 'C', '2018-6'),
('1302106001', 'AR653', 'A', '2018-6'),
('1302106001', 'AR666', 'E', '2018-6'),
('1302106001', 'AR674', 'E', '2018-6'),
('1302106001', 'AR682', 'E', '2018-6'),
('1302106001', 'AR692', 'A', '2018-6'),
('1302106001', 'AS123', 'D', '2018-1'),
('1302106001', 'AS223', 'C', '2018-2'),
('1302106001', 'AS323', 'B', '2018-3'),
('1302106001', 'AS333', 'D', '2018-3'),
('1302106001', 'AS432', 'B', '2018-4'),
('1302106001', 'AS492', 'A', '2018-4'),
('1302106001', 'AS534', 'C', '2018-5'),
('1302106001', 'AS582', 'A', '2018-5'),
('1302106001', 'AS614', 'C', '2018-6'),
('1302106002', 'AE523', 'F', '2018-5'),
('1302106002', 'AH113', 'F', '2018-1'),
('1302106002', 'AH173', 'E', '2018-1'),
('1302106002', 'AH213', 'F', '2018-2'),
('1302106002', 'AH312', 'F', '2018-3'),
('1302106002', 'AH412', 'F', '2018-4'),
('1302106002', 'AH542', 'D', '2018-5'),
('1302106002', 'AM623', 'F', '2018-6'),
('1302106002', 'AR133', 'F', '2018-1'),
('1302106002', 'AR143', 'D', '2018-1'),
('1302106002', 'AR154', 'C', '2018-1'),
('1302106002', 'AR162', 'C', '2018-1'),
('1302106002', 'AR184', 'F', '2018-1'),
('1302106002', 'AR192', 'F', '2018-1'),
('1302106002', 'AR233', 'F', '2018-2'),
('1302106002', 'AR243', 'B', '2018-2'),
('1302106002', 'AR252', 'C', '2018-2'),
('1302106002', 'AR263', 'F', '2018-2'),
('1302106002', 'AR272', 'F', '2018-2'),
('1302106002', 'AR284', 'B', '2018-2'),
('1302106002', 'AR292', 'F', '2018-2'),
('1302106002', 'AR343', 'F', '2018-3'),
('1302106002', 'AR352', 'A', '2018-3'),
('1302106002', 'AR366', 'O', '2018-3'),
('1302106002', 'AR372', 'O', '2018-3'),
('1302106002', 'AR382', 'A', '2018-3'),
('1302106002', 'AR394', 'C', '2018-3'),
('1302106002', 'AR4102', 'E', '2018-4'),
('1302106002', 'AR423', 'F', '2018-4'),
('1302106002', 'AR443', 'F', '2018-4'),
('1302106002', 'AR452', 'D', '2018-4'),
('1302106002', 'AR466', 'F', '2018-4'),
('1302106002', 'AR472', 'F', '2018-4'),
('1302106002', 'AR484', 'C', '2018-4'),
('1302106002', 'AR513', 'F', '2018-5'),
('1302106002', 'AR553', 'F', '2018-5'),
('1302106002', 'AR566', 'F', '2018-5'),
('1302106002', 'AR572', 'B', '2018-5'),
('1302106002', 'AR594', 'F', '2018-5'),
('1302106002', 'AR633', 'F', '2018-6'),
('1302106002', 'AR642', 'F', '2018-6'),
('1302106002', 'AR653', 'D', '2018-6'),
('1302106002', 'AR666', 'F', '2018-6'),
('1302106002', 'AR674', 'A', '2018-6'),
('1302106002', 'AR682', 'E', '2018-6'),
('1302106002', 'AR692', 'C', '2018-6'),
('1302106002', 'AS123', 'F', '2018-1'),
('1302106002', 'AS223', 'F', '2018-2');
INSERT INTO `score` (`student_id`, `subject_id`, `grade`, `semester_id`) VALUES
('1302106002', 'AS323', 'C', '2018-3'),
('1302106002', 'AS333', 'F', '2018-3'),
('1302106002', 'AS432', 'F', '2018-4'),
('1302106002', 'AS492', 'A', '2018-4'),
('1302106002', 'AS534', 'F', '2018-5'),
('1302106002', 'AS582', 'A', '2018-5'),
('1302106002', 'AS614', 'F', '2018-6'),
('1302106003', 'AE523', 'C', '2018-5'),
('1302106003', 'AH113', 'D', '2018-1'),
('1302106003', 'AH173', 'E', '2018-1'),
('1302106003', 'AH213', 'A', '2018-2'),
('1302106003', 'AH312', 'C', '2018-3'),
('1302106003', 'AH412', 'B', '2018-4'),
('1302106003', 'AH542', 'C', '2018-5'),
('1302106003', 'AM623', 'C', '2018-6'),
('1302106003', 'AR133', 'D', '2018-1'),
('1302106003', 'AR143', 'A', '2018-1'),
('1302106003', 'AR154', 'E', '2018-1'),
('1302106003', 'AR162', 'A', '2018-1'),
('1302106003', 'AR184', 'B', '2018-1'),
('1302106003', 'AR192', 'A', '2018-1'),
('1302106003', 'AR233', 'D', '2018-2'),
('1302106003', 'AR243', 'A', '2018-2'),
('1302106003', 'AR252', 'A', '2018-2'),
('1302106003', 'AR263', 'A', '2018-2'),
('1302106003', 'AR272', 'E', '2018-2'),
('1302106003', 'AR284', 'A', '2018-2'),
('1302106003', 'AR292', 'E', '2018-2'),
('1302106003', 'AR343', 'C', '2018-3'),
('1302106003', 'AR352', 'E', '2018-3'),
('1302106003', 'AR366', 'O', '2018-3'),
('1302106003', 'AR372', 'O', '2018-3'),
('1302106003', 'AR382', 'A', '2018-3'),
('1302106003', 'AR394', 'E', '2018-3'),
('1302106003', 'AR4102', 'A', '2018-4'),
('1302106003', 'AR423', 'D', '2018-4'),
('1302106003', 'AR443', 'C', '2018-4'),
('1302106003', 'AR452', 'B', '2018-4'),
('1302106003', 'AR466', 'E', '2018-4'),
('1302106003', 'AR472', 'A', '2018-4'),
('1302106003', 'AR484', 'O', '2018-4'),
('1302106003', 'AR513', 'F', '2018-5'),
('1302106003', 'AR553', 'A', '2018-5'),
('1302106003', 'AR566', 'E', '2018-5'),
('1302106003', 'AR572', 'O', '2018-5'),
('1302106003', 'AR594', 'E', '2018-5'),
('1302106003', 'AR633', 'B', '2018-6'),
('1302106003', 'AR642', 'A', '2018-6'),
('1302106003', 'AR653', 'A', '2018-6'),
('1302106003', 'AR666', 'A', '2018-6'),
('1302106003', 'AR674', 'A', '2018-6'),
('1302106003', 'AR682', 'E', '2018-6'),
('1302106003', 'AR692', 'A', '2018-6'),
('1302106003', 'AS123', 'F', '2018-1'),
('1302106003', 'AS223', 'B', '2018-2'),
('1302106003', 'AS323', 'A', '2018-3'),
('1302106003', 'AS333', 'A', '2018-3'),
('1302106003', 'AS432', 'A', '2018-4'),
('1302106003', 'AS492', 'A', '2018-4'),
('1302106003', 'AS534', 'D', '2018-5'),
('1302106003', 'AS582', 'O', '2018-5'),
('1302106003', 'AS614', 'B', '2018-6'),
('1302106004', 'AE523', 'B', '2018-5'),
('1302106004', 'AH113', 'A', '2018-1'),
('1302106004', 'AH173', 'E', '2018-1'),
('1302106004', 'AH213', 'B', '2018-2'),
('1302106004', 'AH312', 'A', '2018-3'),
('1302106004', 'AH412', 'B', '2018-4'),
('1302106004', 'AH542', 'D', '2018-5'),
('1302106004', 'AM623', 'B', '2018-6'),
('1302106004', 'AR133', 'B', '2018-1'),
('1302106004', 'AR143', 'E', '2018-1'),
('1302106004', 'AR154', 'O', '2018-1'),
('1302106004', 'AR162', 'E', '2018-1'),
('1302106004', 'AR184', 'A', '2018-1'),
('1302106004', 'AR192', 'A', '2018-1'),
('1302106004', 'AR233', 'E', '2018-2'),
('1302106004', 'AR243', 'E', '2018-2'),
('1302106004', 'AR252', 'O', '2018-2'),
('1302106004', 'AR263', 'E', '2018-2'),
('1302106004', 'AR272', 'E', '2018-2'),
('1302106004', 'AR284', 'A', '2018-2'),
('1302106004', 'AR292', 'O', '2018-2'),
('1302106004', 'AR343', 'B', '2018-3'),
('1302106004', 'AR352', 'O', '2018-3'),
('1302106004', 'AR366', 'O', '2018-3'),
('1302106004', 'AR372', 'O', '2018-3'),
('1302106004', 'AR382', 'A', '2018-3'),
('1302106004', 'AR394', 'O', '2018-3'),
('1302106004', 'AR4102', 'E', '2018-4'),
('1302106004', 'AR423', 'B', '2018-4'),
('1302106004', 'AR443', 'B', '2018-4'),
('1302106004', 'AR452', 'E', '2018-4'),
('1302106004', 'AR466', 'O', '2018-4'),
('1302106004', 'AR472', 'B', '2018-4'),
('1302106004', 'AR484', 'E', '2018-4'),
('1302106004', 'AR513', 'C', '2018-5'),
('1302106004', 'AR553', 'A', '2018-5'),
('1302106004', 'AR566', 'A', '2018-5'),
('1302106004', 'AR572', 'O', '2018-5'),
('1302106004', 'AR594', 'A', '2018-5'),
('1302106004', 'AR633', 'A', '2018-6'),
('1302106004', 'AR642', 'B', '2018-6'),
('1302106004', 'AR653', 'B', '2018-6'),
('1302106004', 'AR666', 'E', '2018-6'),
('1302106004', 'AR674', 'E', '2018-6'),
('1302106004', 'AR682', 'A', '2018-6'),
('1302106004', 'AR692', 'E', '2018-6'),
('1302106004', 'AS123', 'B', '2018-1'),
('1302106004', 'AS223', 'A', '2018-2'),
('1302106004', 'AS323', 'E', '2018-3'),
('1302106004', 'AS333', 'A', '2018-3'),
('1302106004', 'AS432', 'E', '2018-4'),
('1302106004', 'AS492', 'E', '2018-4'),
('1302106004', 'AS534', 'C', '2018-5'),
('1302106004', 'AS582', 'E', '2018-5'),
('1302106004', 'AS614', 'A', '2018-6'),
('1302106005', 'AE523', 'F', '2018-5'),
('1302106005', 'AH113', 'F', '2018-1'),
('1302106005', 'AH173', 'O', '2018-1'),
('1302106005', 'AH213', 'F', '2018-2'),
('1302106005', 'AH312', 'D', '2018-3'),
('1302106005', 'AH412', 'C', '2018-4'),
('1302106005', 'AH542', 'S', '2018-5'),
('1302106005', 'AM623', 'D', '2018-6'),
('1302106005', 'AR133', 'B', '2018-1'),
('1302106005', 'AR143', 'C', '2018-1'),
('1302106005', 'AR154', 'C', '2018-1'),
('1302106005', 'AR162', 'C', '2018-1'),
('1302106005', 'AR184', 'C', '2018-1'),
('1302106005', 'AR192', 'C', '2018-1'),
('1302106005', 'AR233', 'D', '2018-2'),
('1302106005', 'AR243', 'C', '2018-2'),
('1302106005', 'AR252', 'C', '2018-2'),
('1302106005', 'AR263', 'F', '2018-2'),
('1302106005', 'AR272', 'A', '2018-2'),
('1302106005', 'AR284', 'B', '2018-2'),
('1302106005', 'AR292', 'C', '2018-2'),
('1302106005', 'AR343', 'D', '2018-3'),
('1302106005', 'AR352', 'E', '2018-3'),
('1302106005', 'AR366', 'A', '2018-3'),
('1302106005', 'AR372', 'O', '2018-3'),
('1302106005', 'AR382', 'B', '2018-3'),
('1302106005', 'AR394', 'C', '2018-3'),
('1302106005', 'AR4102', 'E', '2018-4'),
('1302106005', 'AR423', 'F', '2018-4'),
('1302106005', 'AR443', 'C', '2018-4'),
('1302106005', 'AR452', 'E', '2018-4'),
('1302106005', 'AR466', 'F', '2018-4'),
('1302106005', 'AR472', 'F', '2018-4'),
('1302106005', 'AR513', 'F', '2018-5'),
('1302106005', 'AR553', 'S', '2018-5'),
('1302106005', 'AR566', 'F', '2018-5'),
('1302106005', 'AR572', 'B', '2018-5'),
('1302106005', 'AR594', 'F', '2018-5'),
('1302106005', 'AR633', 'B', '2018-6'),
('1302106005', 'AR642', 'B', '2018-6'),
('1302106005', 'AR653', 'C', '2018-6'),
('1302106005', 'AR666', 'F', '2018-6'),
('1302106005', 'AR674', 'F', '2018-6'),
('1302106005', 'AR682', 'B', '2018-6'),
('1302106005', 'AR692', 'C', '2018-6'),
('1302106005', 'AS123', 'F', '2018-1'),
('1302106005', 'AS223', 'D', '2018-2'),
('1302106005', 'AS323', 'B', '2018-3'),
('1302106005', 'AS333', 'F', '2018-3'),
('1302106005', 'AS432', 'S', '2018-4'),
('1302106005', 'AS492', 'C', '2018-4'),
('1302106005', 'AS534', 'S', '2018-5'),
('1302106005', 'AS582', 'B', '2018-5'),
('1302106005', 'AS614', 'F', '2018-6'),
('1302106006', 'AE523', 'C', '2018-5'),
('1302106006', 'AH113', 'F', '2018-1'),
('1302106006', 'AH173', 'E', '2018-1'),
('1302106006', 'AH213', 'C', '2018-2'),
('1302106006', 'AH312', 'D', '2018-3'),
('1302106006', 'AH412', 'C', '2018-4'),
('1302106006', 'AH542', 'C', '2018-5'),
('1302106006', 'AM623', 'D', '2018-6'),
('1302106006', 'AR133', 'D', '2018-1'),
('1302106006', 'AR143', 'B', '2018-1'),
('1302106006', 'AR154', 'B', '2018-1'),
('1302106006', 'AR162', 'B', '2018-1'),
('1302106006', 'AR184', 'B', '2018-1'),
('1302106006', 'AR192', 'C', '2018-1'),
('1302106006', 'AR233', 'F', '2018-2'),
('1302106006', 'AR243', 'A', '2018-2'),
('1302106006', 'AR252', 'C', '2018-2'),
('1302106006', 'AR263', 'F', '2018-2'),
('1302106006', 'AR272', 'F', '2018-2'),
('1302106006', 'AR284', 'B', '2018-2'),
('1302106006', 'AR292', 'F', '2018-2'),
('1302106006', 'AR343', 'D', '2018-3'),
('1302106006', 'AR352', 'A', '2018-3'),
('1302106006', 'AR366', 'E', '2018-3'),
('1302106006', 'AR372', 'O', '2018-3'),
('1302106006', 'AR382', 'B', '2018-3'),
('1302106006', 'AR394', 'A', '2018-3'),
('1302106006', 'AR4102', 'A', '2018-4'),
('1302106006', 'AR423', 'D', '2018-4'),
('1302106006', 'AR443', 'C', '2018-4'),
('1302106006', 'AR452', 'C', '2018-4'),
('1302106006', 'AR466', 'C', '2018-4'),
('1302106006', 'AR472', 'F', '2018-4'),
('1302106006', 'AR484', 'O', '2018-4'),
('1302106006', 'AR513', 'D', '2018-5'),
('1302106006', 'AR553', 'B', '2018-5'),
('1302106006', 'AR566', 'A', '2018-5'),
('1302106006', 'AR572', 'B', '2018-5'),
('1302106006', 'AR594', 'A', '2018-5'),
('1302106006', 'AR633', 'D', '2018-6'),
('1302106006', 'AR642', 'C', '2018-6'),
('1302106006', 'AR653', 'C', '2018-6'),
('1302106006', 'AR666', 'A', '2018-6'),
('1302106006', 'AR674', 'E', '2018-6'),
('1302106006', 'AR682', 'A', '2018-6'),
('1302106006', 'AR692', 'A', '2018-6'),
('1302106006', 'AS123', 'F', '2018-1'),
('1302106006', 'AS223', 'C', '2018-2'),
('1302106006', 'AS323', 'A', '2018-3'),
('1302106006', 'AS333', 'D', '2018-3'),
('1302106006', 'AS432', 'C', '2018-4'),
('1302106006', 'AS492', 'B', '2018-4'),
('1302106006', 'AS534', 'F', '2018-5'),
('1302106006', 'AS582', 'A', '2018-5'),
('1302106006', 'AS614', 'D', '2018-6'),
('1302106007', 'AE523', 'B', '2018-5'),
('1302106007', 'AH113', 'F', '2018-1'),
('1302106007', 'AH173', 'O', '2018-1'),
('1302106007', 'AH213', 'D', '2018-2'),
('1302106007', 'AH312', 'B', '2018-3'),
('1302106007', 'AH412', 'B', '2018-4'),
('1302106007', 'AH542', 'B', '2018-5'),
('1302106007', 'AM623', 'D', '2018-6'),
('1302106007', 'AR133', 'C', '2018-1'),
('1302106007', 'AR143', 'C', '2018-1'),
('1302106007', 'AR154', 'O', '2018-1'),
('1302106007', 'AR162', 'B', '2018-1'),
('1302106007', 'AR184', 'C', '2018-1'),
('1302106007', 'AR192', 'A', '2018-1'),
('1302106007', 'AR233', 'A', '2018-2'),
('1302106007', 'AR243', 'B', '2018-2'),
('1302106007', 'AR252', 'A', '2018-2'),
('1302106007', 'AR263', 'B', '2018-2'),
('1302106007', 'AR272', 'A', '2018-2'),
('1302106007', 'AR284', 'B', '2018-2'),
('1302106007', 'AR292', 'A', '2018-2'),
('1302106007', 'AR343', 'A', '2018-3'),
('1302106007', 'AR352', 'E', '2018-3'),
('1302106007', 'AR366', 'O', '2018-3'),
('1302106007', 'AR372', 'O', '2018-3'),
('1302106007', 'AR382', 'E', '2018-3'),
('1302106007', 'AR394', 'E', '2018-3'),
('1302106007', 'AR4102', 'E', '2018-4'),
('1302106007', 'AR423', 'B', '2018-4'),
('1302106007', 'AR443', 'B', '2018-4'),
('1302106007', 'AR452', 'E', '2018-4'),
('1302106007', 'AR466', 'E', '2018-4'),
('1302106007', 'AR472', 'B', '2018-4'),
('1302106007', 'AR484', 'E', '2018-4'),
('1302106007', 'AR513', 'B', '2018-5'),
('1302106007', 'AR553', 'B', '2018-5'),
('1302106007', 'AR566', 'A', '2018-5'),
('1302106007', 'AR572', 'B', '2018-5'),
('1302106007', 'AR594', 'A', '2018-5'),
('1302106007', 'AR633', 'C', '2018-6'),
('1302106007', 'AR642', 'C', '2018-6'),
('1302106007', 'AR653', 'A', '2018-6'),
('1302106007', 'AR666', 'B', '2018-6'),
('1302106007', 'AR674', 'E', '2018-6'),
('1302106007', 'AR682', 'A', '2018-6'),
('1302106007', 'AR692', 'A', '2018-6'),
('1302106007', 'AS123', 'D', '2018-1'),
('1302106007', 'AS223', 'C', '2018-2'),
('1302106007', 'AS323', 'A', '2018-3'),
('1302106007', 'AS333', 'C', '2018-3'),
('1302106007', 'AS432', 'E', '2018-4'),
('1302106007', 'AS492', 'O', '2018-4'),
('1302106007', 'AS534', 'D', '2018-5'),
('1302106007', 'AS582', 'E', '2018-5'),
('1302106007', 'AS614', 'B', '2018-6'),
('1302106008', 'AE523', 'B', '2018-5'),
('1302106008', 'AH173', 'E', '2018-1'),
('1302106008', 'AH213', 'D', '2018-2'),
('1302106008', 'AH312', 'B', '2018-3'),
('1302106008', 'AH412', 'B', '2018-4'),
('1302106008', 'AH542', 'C', '2018-5'),
('1302106008', 'AM623', 'D', '2018-6'),
('1302106008', 'AR133', 'C', '2018-1'),
('1302106008', 'AR143', 'C', '2018-1'),
('1302106008', 'AR154', 'O', '2018-1'),
('1302106008', 'AR162', 'A', '2018-1'),
('1302106008', 'AR184', 'B', '2018-1'),
('1302106008', 'AR192', 'A', '2018-1'),
('1302106008', 'AR233', 'C', '2018-2'),
('1302106008', 'AR243', 'E', '2018-2'),
('1302106008', 'AR252', 'E', '2018-2'),
('1302106008', 'AR263', 'B', '2018-2'),
('1302106008', 'AR272', 'E', '2018-2'),
('1302106008', 'AR284', 'A', '2018-2'),
('1302106008', 'AR292', 'A', '2018-2'),
('1302106008', 'AR343', 'C', '2018-3'),
('1302106008', 'AR352', 'E', '2018-3'),
('1302106008', 'AR366', 'O', '2018-3'),
('1302106008', 'AR372', 'O', '2018-3'),
('1302106008', 'AR382', 'E', '2018-3'),
('1302106008', 'AR394', 'E', '2018-3'),
('1302106008', 'AR4102', 'A', '2018-4'),
('1302106008', 'AR423', 'C', '2018-4'),
('1302106008', 'AR443', 'B', '2018-4'),
('1302106008', 'AR452', 'A', '2018-4'),
('1302106008', 'AR466', 'E', '2018-4'),
('1302106008', 'AR472', 'E', '2018-4'),
('1302106008', 'AR484', 'E', '2018-4'),
('1302106008', 'AR513', 'B', '2018-5'),
('1302106008', 'AR553', 'A', '2018-5'),
('1302106008', 'AR566', 'E', '2018-5'),
('1302106008', 'AR572', 'O', '2018-5'),
('1302106008', 'AR594', 'E', '2018-5'),
('1302106008', 'AR633', 'A', '2018-6'),
('1302106008', 'AR642', 'B', '2018-6'),
('1302106008', 'AR653', 'B', '2018-6'),
('1302106008', 'AR666', 'A', '2018-6'),
('1302106008', 'AR674', 'A', '2018-6'),
('1302106008', 'AR682', 'O', '2018-6'),
('1302106008', 'AR692', 'E', '2018-6'),
('1302106008', 'AS123', 'F', '2018-1'),
('1302106008', 'AS223', 'B', '2018-2'),
('1302106008', 'AS323', 'A', '2018-3'),
('1302106008', 'AS333', 'C', '2018-3'),
('1302106008', 'AS432', 'A', '2018-4'),
('1302106008', 'AS492', 'E', '2018-4'),
('1302106008', 'AS534', 'D', '2018-5'),
('1302106008', 'AS582', 'O', '2018-5'),
('1302106008', 'AS614', 'C', '2018-6'),
('1302106009', 'AE523', 'B', '2018-5'),
('1302106009', 'AH113', 'A', '2018-1'),
('1302106009', 'AH173', 'O', '2018-1'),
('1302106009', 'AH213', 'B', '2018-2'),
('1302106009', 'AH312', 'B', '2018-3'),
('1302106009', 'AH412', 'A', '2018-4'),
('1302106009', 'AH542', 'B', '2018-5'),
('1302106009', 'AM623', 'A', '2018-6'),
('1302106009', 'AR133', 'B', '2018-1'),
('1302106009', 'AR143', 'B', '2018-1'),
('1302106009', 'AR154', 'B', '2018-1'),
('1302106009', 'AR162', 'B', '2018-1'),
('1302106009', 'AR184', 'A', '2018-1'),
('1302106009', 'AR192', 'O', '2018-1'),
('1302106009', 'AR233', 'A', '2018-2'),
('1302106009', 'AR243', 'E', '2018-2'),
('1302106009', 'AR252', 'O', '2018-2'),
('1302106009', 'AR263', 'E', '2018-2'),
('1302106009', 'AR272', 'O', '2018-2'),
('1302106009', 'AR284', 'A', '2018-2'),
('1302106009', 'AR292', 'O', '2018-2'),
('1302106009', 'AR343', 'B', '2018-3'),
('1302106009', 'AR352', 'A', '2018-3'),
('1302106009', 'AR366', 'O', '2018-3'),
('1302106009', 'AR372', 'O', '2018-3'),
('1302106009', 'AR382', 'O', '2018-3'),
('1302106009', 'AR394', 'O', '2018-3'),
('1302106009', 'AR4102', 'A', '2018-4'),
('1302106009', 'AR423', 'B', '2018-4'),
('1302106009', 'AR443', 'B', '2018-4'),
('1302106009', 'AR452', 'E', '2018-4'),
('1302106009', 'AR466', 'A', '2018-4'),
('1302106009', 'AR472', 'E', '2018-4'),
('1302106009', 'AR484', 'O', '2018-4'),
('1302106009', 'AR513', 'B', '2018-5'),
('1302106009', 'AR553', 'A', '2018-5'),
('1302106009', 'AR566', 'O', '2018-5'),
('1302106009', 'AR572', 'O', '2018-5'),
('1302106009', 'AR594', 'O', '2018-5'),
('1302106009', 'AR633', 'B', '2018-6'),
('1302106009', 'AR642', 'A', '2018-6'),
('1302106009', 'AR653', 'O', '2018-6'),
('1302106009', 'AR666', 'A', '2018-6'),
('1302106009', 'AR674', 'E', '2018-6'),
('1302106009', 'AR682', 'E', '2018-6'),
('1302106009', 'AR692', 'O', '2018-6'),
('1302106009', 'AS123', 'A', '2018-1'),
('1302106009', 'AS223', 'E', '2018-2'),
('1302106009', 'AS323', 'B', '2018-3'),
('1302106009', 'AS333', 'C', '2018-3'),
('1302106009', 'AS432', 'E', '2018-4'),
('1302106009', 'AS492', 'O', '2018-4'),
('1302106009', 'AS534', 'B', '2018-5'),
('1302106009', 'AS582', 'O', '2018-5'),
('1302106009', 'AS614', 'A', '2018-6'),
('1302106010', 'AE523', 'C', '2018-5'),
('1302106010', 'AH113', 'F', '2018-1'),
('1302106010', 'AH173', 'E', '2018-1'),
('1302106010', 'AH213', 'D', '2018-2'),
('1302106010', 'AH312', 'B', '2018-3'),
('1302106010', 'AH412', 'B', '2018-4'),
('1302106010', 'AH542', 'C', '2018-5'),
('1302106010', 'AM623', 'C', '2018-6'),
('1302106010', 'AR133', 'B', '2018-1'),
('1302106010', 'AR143', 'B', '2018-1'),
('1302106010', 'AR154', 'A', '2018-1'),
('1302106010', 'AR162', 'A', '2018-1'),
('1302106010', 'AR184', 'B', '2018-1'),
('1302106010', 'AR192', 'E', '2018-1'),
('1302106010', 'AR233', 'B', '2018-2'),
('1302106010', 'AR243', 'E', '2018-2'),
('1302106010', 'AR252', 'E', '2018-2'),
('1302106010', 'AR263', 'A', '2018-2'),
('1302106010', 'AR272', 'E', '2018-2'),
('1302106010', 'AR284', 'A', '2018-2'),
('1302106010', 'AR292', 'O', '2018-2'),
('1302106010', 'AR343', 'B', '2018-3'),
('1302106010', 'AR352', 'E', '2018-3'),
('1302106010', 'AR366', 'O', '2018-3'),
('1302106010', 'AR372', 'O', '2018-3'),
('1302106010', 'AR382', 'E', '2018-3'),
('1302106010', 'AR394', 'O', '2018-3'),
('1302106010', 'AR4102', 'A', '2018-4'),
('1302106010', 'AR423', 'C', '2018-4'),
('1302106010', 'AR443', 'C', '2018-4'),
('1302106010', 'AR452', 'B', '2018-4'),
('1302106010', 'AR466', 'A', '2018-4'),
('1302106010', 'AR472', 'B', '2018-4'),
('1302106010', 'AR484', 'O', '2018-4'),
('1302106010', 'AR513', 'C', '2018-5'),
('1302106010', 'AR553', 'E', '2018-5'),
('1302106010', 'AR566', 'O', '2018-5'),
('1302106010', 'AR572', 'B', '2018-5'),
('1302106010', 'AR594', 'O', '2018-5'),
('1302106010', 'AR633', 'B', '2018-6'),
('1302106010', 'AR642', 'B', '2018-6'),
('1302106010', 'AR653', 'E', '2018-6'),
('1302106010', 'AR666', 'A', '2018-6'),
('1302106010', 'AR674', 'E', '2018-6'),
('1302106010', 'AR682', 'A', '2018-6'),
('1302106010', 'AR692', 'A', '2018-6'),
('1302106010', 'AS123', 'C', '2018-1'),
('1302106010', 'AS223', 'B', '2018-2'),
('1302106010', 'AS323', 'A', '2018-3'),
('1302106010', 'AS333', 'A', '2018-3'),
('1302106010', 'AS432', 'E', '2018-4'),
('1302106010', 'AS492', 'E', '2018-4'),
('1302106010', 'AS534', 'C', '2018-5'),
('1302106010', 'AS582', 'O', '2018-5'),
('1302106010', 'AS614', 'C', '2018-6'),
('1302106011', 'AE523', 'C', '2018-5'),
('1302106011', 'AH113', 'A', '2018-1'),
('1302106011', 'AH173', 'O', '2018-1'),
('1302106011', 'AH213', 'C', '2018-2'),
('1302106011', 'AH312', 'B', '2018-3'),
('1302106011', 'AH412', 'A', '2018-4'),
('1302106011', 'AH542', 'C', '2018-5'),
('1302106011', 'AM623', 'C', '2018-6'),
('1302106011', 'AR133', 'C', '2018-1'),
('1302106011', 'AR143', 'B', '2018-1'),
('1302106011', 'AR154', 'C', '2018-1'),
('1302106011', 'AR162', 'C', '2018-1'),
('1302106011', 'AR184', 'A', '2018-1'),
('1302106011', 'AR192', 'E', '2018-1'),
('1302106011', 'AR233', 'A', '2018-2'),
('1302106011', 'AR243', 'E', '2018-2'),
('1302106011', 'AR252', 'E', '2018-2'),
('1302106011', 'AR263', 'E', '2018-2'),
('1302106011', 'AR272', 'O', '2018-2'),
('1302106011', 'AR284', 'A', '2018-2'),
('1302106011', 'AR292', 'O', '2018-2'),
('1302106011', 'AR343', 'A', '2018-3'),
('1302106011', 'AR352', 'E', '2018-3'),
('1302106011', 'AR366', 'E', '2018-3'),
('1302106011', 'AR372', 'O', '2018-3'),
('1302106011', 'AR382', 'O', '2018-3'),
('1302106011', 'AR394', 'O', '2018-3'),
('1302106011', 'AR4102', 'A', '2018-4'),
('1302106011', 'AR423', 'C', '2018-4'),
('1302106011', 'AR443', 'B', '2018-4'),
('1302106011', 'AR452', 'A', '2018-4'),
('1302106011', 'AR466', 'B', '2018-4'),
('1302106011', 'AR472', 'B', '2018-4'),
('1302106011', 'AR484', 'O', '2018-4'),
('1302106011', 'AR513', 'B', '2018-5'),
('1302106011', 'AR553', 'A', '2018-5'),
('1302106011', 'AR566', 'E', '2018-5'),
('1302106011', 'AR572', 'A', '2018-5'),
('1302106011', 'AR594', 'E', '2018-5'),
('1302106011', 'AR633', 'C', '2018-6'),
('1302106011', 'AR642', 'B', '2018-6'),
('1302106011', 'AR653', 'A', '2018-6'),
('1302106011', 'AR666', 'A', '2018-6'),
('1302106011', 'AR674', 'E', '2018-6'),
('1302106011', 'AR682', 'A', '2018-6'),
('1302106011', 'AR692', 'B', '2018-6'),
('1302106011', 'AS123', 'D', '2018-1'),
('1302106011', 'AS223', 'A', '2018-2'),
('1302106011', 'AS323', 'E', '2018-3'),
('1302106011', 'AS333', 'E', '2018-3'),
('1302106011', 'AS432', 'A', '2018-4'),
('1302106011', 'AS492', 'A', '2018-4'),
('1302106011', 'AS534', 'C', '2018-5'),
('1302106011', 'AS582', 'E', '2018-5'),
('1302106011', 'AS614', 'B', '2018-6'),
('1302106012', 'AE523', 'C', '2018-5'),
('1302106012', 'AH113', 'F', '2018-1'),
('1302106012', 'AH173', 'E', '2018-1'),
('1302106012', 'AH213', 'D', '2018-2'),
('1302106012', 'AH312', 'C', '2018-3'),
('1302106012', 'AH412', 'C', '2018-4'),
('1302106012', 'AH542', 'D', '2018-5'),
('1302106012', 'AM623', 'C', '2018-6'),
('1302106012', 'AR133', 'C', '2018-1'),
('1302106012', 'AR143', 'C', '2018-1'),
('1302106012', 'AR154', 'B', '2018-1'),
('1302106012', 'AR162', 'B', '2018-1'),
('1302106012', 'AR184', 'C', '2018-1'),
('1302106012', 'AR192', 'A', '2018-1'),
('1302106012', 'AR233', 'C', '2018-2'),
('1302106012', 'AR243', 'B', '2018-2'),
('1302106012', 'AR252', 'E', '2018-2'),
('1302106012', 'AR263', 'A', '2018-2'),
('1302106012', 'AR272', 'E', '2018-2'),
('1302106012', 'AR284', 'B', '2018-2'),
('1302106012', 'AR292', 'E', '2018-2'),
('1302106012', 'AR343', 'F', '2018-3'),
('1302106012', 'AR352', 'B', '2018-3'),
('1302106012', 'AR366', 'E', '2018-3'),
('1302106012', 'AR372', 'O', '2018-3'),
('1302106012', 'AR382', 'E', '2018-3'),
('1302106012', 'AR394', 'E', '2018-3'),
('1302106012', 'AR4102', 'A', '2018-4'),
('1302106012', 'AR423', 'D', '2018-4'),
('1302106012', 'AR443', 'B', '2018-4'),
('1302106012', 'AR452', 'B', '2018-4'),
('1302106012', 'AR466', 'A', '2018-4'),
('1302106012', 'AR472', 'A', '2018-4'),
('1302106012', 'AR484', 'O', '2018-4'),
('1302106012', 'AR513', 'F', '2018-5'),
('1302106012', 'AR553', 'C', '2018-5'),
('1302106012', 'AR566', 'A', '2018-5'),
('1302106012', 'AR572', 'E', '2018-5'),
('1302106012', 'AR594', 'A', '2018-5'),
('1302106012', 'AR633', 'D', '2018-6'),
('1302106012', 'AR642', 'C', '2018-6'),
('1302106012', 'AR653', 'B', '2018-6'),
('1302106012', 'AR666', 'A', '2018-6'),
('1302106012', 'AR674', 'A', '2018-6'),
('1302106012', 'AR682', 'A', '2018-6'),
('1302106012', 'AR692', 'E', '2018-6'),
('1302106012', 'AS123', 'F', '2018-1'),
('1302106012', 'AS223', 'C', '2018-2'),
('1302106012', 'AS323', 'D', '2018-3'),
('1302106012', 'AS333', 'C', '2018-3'),
('1302106012', 'AS432', 'B', '2018-4'),
('1302106012', 'AS492', 'E', '2018-4'),
('1302106012', 'AS534', 'F', '2018-5'),
('1302106012', 'AS582', 'O', '2018-5'),
('1302106012', 'AS614', 'D', '2018-6'),
('1302106013', 'AE523', 'D', '2018-5'),
('1302106013', 'AH113', 'F', '2018-1'),
('1302106013', 'AH173', 'E', '2018-1'),
('1302106013', 'AH213', 'F', '2018-2'),
('1302106013', 'AH312', 'C', '2018-3'),
('1302106013', 'AH412', 'B', '2018-4'),
('1302106013', 'AH542', 'D', '2018-5'),
('1302106013', 'AM623', 'D', '2018-6'),
('1302106013', 'AR133', 'B', '2018-1'),
('1302106013', 'AR143', 'C', '2018-1'),
('1302106013', 'AR154', 'B', '2018-1'),
('1302106013', 'AR162', 'B', '2018-1'),
('1302106013', 'AR184', 'A', '2018-1'),
('1302106013', 'AR192', 'B', '2018-1'),
('1302106013', 'AR233', 'C', '2018-2'),
('1302106013', 'AR243', 'B', '2018-2'),
('1302106013', 'AR252', 'E', '2018-2'),
('1302106013', 'AR263', 'A', '2018-2'),
('1302106013', 'AR272', 'A', '2018-2'),
('1302106013', 'AR284', 'A', '2018-2'),
('1302106013', 'AR292', 'A', '2018-2'),
('1302106013', 'AR343', 'C', '2018-3'),
('1302106013', 'AR352', 'E', '2018-3'),
('1302106013', 'AR366', 'E', '2018-3'),
('1302106013', 'AR372', 'O', '2018-3'),
('1302106013', 'AR382', 'A', '2018-3'),
('1302106013', 'AR394', 'B', '2018-3'),
('1302106013', 'AR4102', 'E', '2018-4'),
('1302106013', 'AR423', 'D', '2018-4'),
('1302106013', 'AR443', 'C', '2018-4'),
('1302106013', 'AR452', 'C', '2018-4'),
('1302106013', 'AR466', 'B', '2018-4'),
('1302106013', 'AR472', 'B', '2018-4'),
('1302106013', 'AR484', 'A', '2018-4'),
('1302106013', 'AR513', 'F', '2018-5'),
('1302106013', 'AR553', 'B', '2018-5'),
('1302106013', 'AR566', 'A', '2018-5'),
('1302106013', 'AR572', 'B', '2018-5'),
('1302106013', 'AR594', 'A', '2018-5'),
('1302106013', 'AR633', 'A', '2018-6'),
('1302106013', 'AR642', 'D', '2018-6'),
('1302106013', 'AR653', 'C', '2018-6'),
('1302106013', 'AR666', 'F', '2018-6'),
('1302106013', 'AR674', 'F', '2018-6'),
('1302106013', 'AR682', 'B', '2018-6'),
('1302106013', 'AR692', 'C', '2018-6'),
('1302106013', 'AS123', 'F', '2018-1'),
('1302106013', 'AS223', 'C', '2018-2'),
('1302106013', 'AS323', 'B', '2018-3'),
('1302106013', 'AS333', 'B', '2018-3'),
('1302106013', 'AS432', 'C', '2018-4'),
('1302106013', 'AS492', 'E', '2018-4'),
('1302106013', 'AS534', 'F', '2018-5'),
('1302106013', 'AS582', 'E', '2018-5'),
('1302106013', 'AS614', 'C', '2018-6'),
('1302106014', 'AE523', 'D', '2018-5'),
('1302106014', 'AH113', 'F', '2018-1'),
('1302106014', 'AH173', 'E', '2018-1'),
('1302106014', 'AH213', 'F', '2018-2'),
('1302106014', 'AH312', 'D', '2018-3'),
('1302106014', 'AH412', 'D', '2018-4'),
('1302106014', 'AH542', 'D', '2018-5'),
('1302106014', 'AM623', 'F', '2018-6'),
('1302106014', 'AR133', 'D', '2018-1'),
('1302106014', 'AR143', 'F', '2018-1'),
('1302106014', 'AR154', 'B', '2018-1'),
('1302106014', 'AR162', 'B', '2018-1'),
('1302106014', 'AR184', 'C', '2018-1'),
('1302106014', 'AR192', 'F', '2018-1'),
('1302106014', 'AR233', 'D', '2018-2'),
('1302106014', 'AR243', 'C', '2018-2'),
('1302106014', 'AR252', 'A', '2018-2'),
('1302106014', 'AR263', 'A', '2018-2'),
('1302106014', 'AR272', 'A', '2018-2'),
('1302106014', 'AR284', 'B', '2018-2'),
('1302106014', 'AR292', 'B', '2018-2'),
('1302106014', 'AR343', 'D', '2018-3'),
('1302106014', 'AR352', 'B', '2018-3'),
('1302106014', 'AR366', 'E', '2018-3'),
('1302106014', 'AR372', 'O', '2018-3'),
('1302106014', 'AR382', 'E', '2018-3'),
('1302106014', 'AR394', 'C', '2018-3'),
('1302106014', 'AR4102', 'A', '2018-4'),
('1302106014', 'AR423', 'D', '2018-4'),
('1302106014', 'AR443', 'D', '2018-4'),
('1302106014', 'AR452', 'D', '2018-4'),
('1302106014', 'AR466', 'F', '2018-4'),
('1302106014', 'AR472', 'B', '2018-4'),
('1302106014', 'AR484', 'F', '2018-4'),
('1302106014', 'AR513', 'F', '2018-5'),
('1302106014', 'AR553', 'D', '2018-5'),
('1302106014', 'AR566', 'C', '2018-5'),
('1302106014', 'AR572', 'C', '2018-5'),
('1302106014', 'AR594', 'B', '2018-5'),
('1302106014', 'AR633', 'A', '2018-6'),
('1302106014', 'AR642', 'D', '2018-6'),
('1302106014', 'AR653', 'C', '2018-6'),
('1302106014', 'AR666', 'F', '2018-6'),
('1302106014', 'AR674', 'B', '2018-6'),
('1302106014', 'AR682', 'F', '2018-6'),
('1302106014', 'AR692', 'F', '2018-6'),
('1302106014', 'AS123', 'F', '2018-1'),
('1302106014', 'AS223', 'F', '2018-2'),
('1302106014', 'AS323', 'B', '2018-3'),
('1302106014', 'AS333', 'F', '2018-3'),
('1302106014', 'AS432', 'D', '2018-4'),
('1302106014', 'AS492', 'A', '2018-4'),
('1302106014', 'AS534', 'F', '2018-5'),
('1302106014', 'AS582', 'A', '2018-5'),
('1302106014', 'AS614', 'F', '2018-6'),
('1302106015', 'AE523', 'C', '2018-5'),
('1302106015', 'AH113', 'F', '2018-1'),
('1302106015', 'AH173', 'O', '2018-1'),
('1302106015', 'AH213', 'C', '2018-2'),
('1302106015', 'AH312', 'B', '2018-3'),
('1302106015', 'AH412', 'C', '2018-4'),
('1302106015', 'AH542', 'D', '2018-5'),
('1302106015', 'AM623', 'D', '2018-6'),
('1302106015', 'AR133', 'D', '2018-1'),
('1302106015', 'AR143', 'B', '2018-1'),
('1302106015', 'AR154', 'A', '2018-1'),
('1302106015', 'AR162', 'A', '2018-1'),
('1302106015', 'AR184', 'E', '2018-1'),
('1302106015', 'AR192', 'E', '2018-1'),
('1302106015', 'AR233', 'B', '2018-2'),
('1302106015', 'AR243', 'A', '2018-2'),
('1302106015', 'AR252', 'E', '2018-2'),
('1302106015', 'AR263', 'A', '2018-2'),
('1302106015', 'AR272', 'E', '2018-2'),
('1302106015', 'AR284', 'A', '2018-2'),
('1302106015', 'AR292', 'E', '2018-2'),
('1302106015', 'AR343', 'D', '2018-3'),
('1302106015', 'AR352', 'B', '2018-3'),
('1302106015', 'AR366', 'O', '2018-3'),
('1302106015', 'AR372', 'O', '2018-3'),
('1302106015', 'AR382', 'E', '2018-3'),
('1302106015', 'AR394', 'O', '2018-3'),
('1302106015', 'AR4102', 'E', '2018-4'),
('1302106015', 'AR423', 'D', '2018-4'),
('1302106015', 'AR443', 'C', '2018-4'),
('1302106015', 'AR452', 'B', '2018-4'),
('1302106015', 'AR466', 'B', '2018-4'),
('1302106015', 'AR472', 'O', '2018-4'),
('1302106015', 'AR484', 'O', '2018-4'),
('1302106015', 'AR513', 'D', '2018-5'),
('1302106015', 'AR553', 'B', '2018-5'),
('1302106015', 'AR566', 'O', '2018-5'),
('1302106015', 'AR572', 'E', '2018-5'),
('1302106015', 'AR594', 'O', '2018-5'),
('1302106015', 'AR633', 'C', '2018-6'),
('1302106015', 'AR642', 'B', '2018-6'),
('1302106015', 'AR653', 'B', '2018-6'),
('1302106015', 'AR666', 'B', '2018-6'),
('1302106015', 'AR674', 'O', '2018-6'),
('1302106015', 'AR682', 'A', '2018-6'),
('1302106015', 'AR692', 'A', '2018-6'),
('1302106015', 'AS123', 'D', '2018-1'),
('1302106015', 'AS223', 'B', '2018-2'),
('1302106015', 'AS323', 'A', '2018-3'),
('1302106015', 'AS333', 'B', '2018-3'),
('1302106015', 'AS432', 'B', '2018-4'),
('1302106015', 'AS492', 'E', '2018-4'),
('1302106015', 'AS534', 'D', '2018-5'),
('1302106015', 'AS582', 'A', '2018-5'),
('1302106015', 'AS614', 'C', '2018-6'),
('1302106016', 'AE523', 'D', '2018-5'),
('1302106016', 'AH113', 'F', '2018-1'),
('1302106016', 'AH173', 'E', '2018-1'),
('1302106016', 'AH213', 'F', '2018-2'),
('1302106016', 'AH312', 'D', '2018-3'),
('1302106016', 'AH412', 'F', '2018-4'),
('1302106016', 'AH542', 'D', '2018-5'),
('1302106016', 'AM623', 'F', '2018-6'),
('1302106016', 'AR133', 'F', '2018-1'),
('1302106016', 'AR143', 'D', '2018-1'),
('1302106016', 'AR154', 'C', '2018-1'),
('1302106016', 'AR162', 'C', '2018-1'),
('1302106016', 'AR184', 'C', '2018-1'),
('1302106016', 'AR192', 'F', '2018-1'),
('1302106016', 'AR233', 'F', '2018-2'),
('1302106016', 'AR243', 'D', '2018-2'),
('1302106016', 'AR252', 'E', '2018-2'),
('1302106016', 'AR263', 'F', '2018-2'),
('1302106016', 'AR272', 'E', '2018-2'),
('1302106016', 'AR284', 'B', '2018-2'),
('1302106016', 'AR292', 'A', '2018-2'),
('1302106016', 'AR343', 'F', '2018-3'),
('1302106016', 'AR352', 'C', '2018-3'),
('1302106016', 'AR366', 'E', '2018-3'),
('1302106016', 'AR372', 'O', '2018-3'),
('1302106016', 'AR382', 'E', '2018-3'),
('1302106016', 'AR394', 'B', '2018-3'),
('1302106016', 'AR4102', 'A', '2018-4'),
('1302106016', 'AR423', 'F', '2018-4'),
('1302106016', 'AR443', 'D', '2018-4'),
('1302106016', 'AR452', 'C', '2018-4'),
('1302106016', 'AR466', 'F', '2018-4'),
('1302106016', 'AR472', 'C', '2018-4'),
('1302106016', 'AR484', 'F', '2018-4'),
('1302106016', 'AR513', 'F', '2018-5'),
('1302106016', 'AR553', 'F', '2018-5'),
('1302106016', 'AR566', 'F', '2018-5'),
('1302106016', 'AR572', 'F', '2018-5'),
('1302106016', 'AR594', 'F', '2018-5'),
('1302106016', 'AR633', 'C', '2018-6'),
('1302106016', 'AR642', 'F', '2018-6'),
('1302106016', 'AR653', 'D', '2018-6'),
('1302106016', 'AR666', 'F', '2018-6'),
('1302106016', 'AR674', 'A', '2018-6'),
('1302106016', 'AR682', 'F', '2018-6'),
('1302106016', 'AR692', 'F', '2018-6'),
('1302106016', 'AS123', 'F', '2018-1'),
('1302106016', 'AS223', 'F', '2018-2'),
('1302106016', 'AS323', 'B', '2018-3'),
('1302106016', 'AS333', 'F', '2018-3'),
('1302106016', 'AS432', 'F', '2018-4'),
('1302106016', 'AS534', 'F', '2018-5'),
('1302106016', 'AS582', 'B', '2018-5'),
('1302106016', 'AS614', 'D', '2018-6'),
('1302106017', 'AE523', 'C', '2018-5'),
('1302106017', 'AH113', 'F', '2018-1'),
('1302106017', 'AH173', 'O', '2018-1'),
('1302106017', 'AH213', 'F', '2018-2'),
('1302106017', 'AH312', 'C', '2018-3'),
('1302106017', 'AH412', 'C', '2018-4'),
('1302106017', 'AH542', 'D', '2018-5'),
('1302106017', 'AM623', 'D', '2018-6'),
('1302106017', 'AR133', 'F', '2018-1'),
('1302106017', 'AR143', 'D', '2018-1'),
('1302106017', 'AR154', 'E', '2018-1'),
('1302106017', 'AR162', 'A', '2018-1'),
('1302106017', 'AR184', 'C', '2018-1'),
('1302106017', 'AR192', 'B', '2018-1'),
('1302106017', 'AR233', 'D', '2018-2'),
('1302106017', 'AR243', 'B', '2018-2'),
('1302106017', 'AR252', 'E', '2018-2'),
('1302106017', 'AR263', 'B', '2018-2'),
('1302106017', 'AR272', 'E', '2018-2'),
('1302106017', 'AR284', 'B', '2018-2'),
('1302106017', 'AR292', 'A', '2018-2'),
('1302106017', 'AR343', 'C', '2018-3'),
('1302106017', 'AR352', 'B', '2018-3'),
('1302106017', 'AR366', 'E', '2018-3'),
('1302106017', 'AR372', 'O', '2018-3'),
('1302106017', 'AR382', 'E', '2018-3'),
('1302106017', 'AR394', 'A', '2018-3'),
('1302106017', 'AR4102', 'E', '2018-4'),
('1302106017', 'AR423', 'D', '2018-4'),
('1302106017', 'AR443', 'D', '2018-4'),
('1302106017', 'AR452', 'B', '2018-4'),
('1302106017', 'AR466', 'C', '2018-4'),
('1302106017', 'AR472', 'B', '2018-4'),
('1302106017', 'AR484', 'A', '2018-4'),
('1302106017', 'AR513', 'D', '2018-5'),
('1302106017', 'AR553', 'D', '2018-5'),
('1302106017', 'AR566', 'A', '2018-5'),
('1302106017', 'AR572', 'B', '2018-5'),
('1302106017', 'AR594', 'A', '2018-5'),
('1302106017', 'AR633', 'B', '2018-6'),
('1302106017', 'AR642', 'B', '2018-6'),
('1302106017', 'AR653', 'A', '2018-6'),
('1302106017', 'AR666', 'B', '2018-6'),
('1302106017', 'AR674', 'E', '2018-6'),
('1302106017', 'AR682', 'A', '2018-6'),
('1302106017', 'AR692', 'B', '2018-6'),
('1302106017', 'AS123', 'F', '2018-1'),
('1302106017', 'AS223', 'C', '2018-2'),
('1302106017', 'AS323', 'C', '2018-3'),
('1302106017', 'AS333', 'D', '2018-3'),
('1302106017', 'AS432', 'B', '2018-4'),
('1302106017', 'AS492', 'A', '2018-4'),
('1302106017', 'AS534', 'F', '2018-5'),
('1302106017', 'AS582', 'E', '2018-5'),
('1302106017', 'AS614', 'F', '2018-6'),
('1302106018', 'AE523', 'C', '2018-5'),
('1302106018', 'AH113', 'D', '2018-1'),
('1302106018', 'AH173', 'O', '2018-1'),
('1302106018', 'AH213', 'C', '2018-2'),
('1302106018', 'AH312', 'B', '2018-3'),
('1302106018', 'AH412', 'A', '2018-4'),
('1302106018', 'AH542', 'C', '2018-5'),
('1302106018', 'AM623', 'D', '2018-6'),
('1302106018', 'AR133', 'F', '2018-1'),
('1302106018', 'AR143', 'B', '2018-1'),
('1302106018', 'AR154', 'A', '2018-1'),
('1302106018', 'AR162', 'A', '2018-1'),
('1302106018', 'AR184', 'B', '2018-1'),
('1302106018', 'AR192', 'O', '2018-1'),
('1302106018', 'AR233', 'B', '2018-2'),
('1302106018', 'AR243', 'E', '2018-2'),
('1302106018', 'AR252', 'O', '2018-2'),
('1302106018', 'AR263', 'E', '2018-2'),
('1302106018', 'AR272', 'E', '2018-2'),
('1302106018', 'AR284', 'A', '2018-2'),
('1302106018', 'AR292', 'O', '2018-2'),
('1302106018', 'AR343', 'A', '2018-3'),
('1302106018', 'AR352', 'O', '2018-3'),
('1302106018', 'AR366', 'O', '2018-3'),
('1302106018', 'AR372', 'O', '2018-3'),
('1302106018', 'AR382', 'A', '2018-3'),
('1302106018', 'AR394', 'O', '2018-3'),
('1302106018', 'AR4102', 'A', '2018-4'),
('1302106018', 'AR423', 'C', '2018-4'),
('1302106018', 'AR443', 'B', '2018-4'),
('1302106018', 'AR452', 'A', '2018-4'),
('1302106018', 'AR466', 'A', '2018-4'),
('1302106018', 'AR472', 'F', '2018-4'),
('1302106018', 'AR484', 'O', '2018-4'),
('1302106018', 'AR513', 'B', '2018-5'),
('1302106018', 'AR553', 'A', '2018-5'),
('1302106018', 'AR566', 'O', '2018-5'),
('1302106018', 'AR572', 'F', '2018-5'),
('1302106018', 'AR594', 'O', '2018-5'),
('1302106018', 'AR633', 'E', '2018-6'),
('1302106018', 'AR642', 'A', '2018-6'),
('1302106018', 'AR653', 'E', '2018-6'),
('1302106018', 'AR666', 'A', '2018-6'),
('1302106018', 'AR674', 'A', '2018-6'),
('1302106018', 'AR682', 'B', '2018-6'),
('1302106018', 'AR692', 'B', '2018-6'),
('1302106018', 'AS123', 'D', '2018-1'),
('1302106018', 'AS223', 'B', '2018-2'),
('1302106018', 'AS323', 'A', '2018-3'),
('1302106018', 'AS333', 'A', '2018-3'),
('1302106018', 'AS432', 'A', '2018-4'),
('1302106018', 'AS492', 'O', '2018-4'),
('1302106018', 'AS534', 'F', '2018-5'),
('1302106018', 'AS582', 'O', '2018-5'),
('1302106018', 'AS614', 'D', '2018-6'),
('1302106019', 'AE523', 'B', '2018-5'),
('1302106019', 'AH113', 'D', '2018-1'),
('1302106019', 'AH173', 'O', '2018-1'),
('1302106019', 'AH213', 'C', '2018-2'),
('1302106019', 'AH312', 'A', '2018-3'),
('1302106019', 'AH412', 'B', '2018-4'),
('1302106019', 'AH542', 'B', '2018-5'),
('1302106019', 'AM623', 'C', '2018-6'),
('1302106019', 'AR133', 'D', '2018-1'),
('1302106019', 'AR143', 'B', '2018-1'),
('1302106019', 'AR154', 'B', '2018-1'),
('1302106019', 'AR162', 'B', '2018-1'),
('1302106019', 'AR184', 'A', '2018-1'),
('1302106019', 'AR192', 'E', '2018-1'),
('1302106019', 'AR233', 'A', '2018-2'),
('1302106019', 'AR243', 'E', '2018-2'),
('1302106019', 'AR252', 'O', '2018-2'),
('1302106019', 'AR263', 'E', '2018-2'),
('1302106019', 'AR272', 'O', '2018-2'),
('1302106019', 'AR284', 'A', '2018-2'),
('1302106019', 'AR292', 'O', '2018-2'),
('1302106019', 'AR343', 'B', '2018-3'),
('1302106019', 'AR352', 'A', '2018-3'),
('1302106019', 'AR366', 'O', '2018-3'),
('1302106019', 'AR372', 'O', '2018-3'),
('1302106019', 'AR382', 'O', '2018-3'),
('1302106019', 'AR394', 'O', '2018-3'),
('1302106019', 'AR4102', 'A', '2018-4'),
('1302106019', 'AR423', 'B', '2018-4'),
('1302106019', 'AR443', 'B', '2018-4'),
('1302106019', 'AR452', 'A', '2018-4'),
('1302106019', 'AR466', 'A', '2018-4'),
('1302106019', 'AR472', 'B', '2018-4'),
('1302106019', 'AR484', 'O', '2018-4'),
('1302106019', 'AR513', 'B', '2018-5'),
('1302106019', 'AR553', 'A', '2018-5'),
('1302106019', 'AR566', 'E', '2018-5'),
('1302106019', 'AR572', 'E', '2018-5'),
('1302106019', 'AR594', 'E', '2018-5'),
('1302106019', 'AR633', 'A', '2018-6'),
('1302106019', 'AR642', 'B', '2018-6'),
('1302106019', 'AR653', 'A', '2018-6'),
('1302106019', 'AR666', 'A', '2018-6'),
('1302106019', 'AR674', 'E', '2018-6'),
('1302106019', 'AR682', 'E', '2018-6'),
('1302106019', 'AR692', 'A', '2018-6'),
('1302106019', 'AS123', 'C', '2018-1'),
('1302106019', 'AS223', 'B', '2018-2'),
('1302106019', 'AS323', 'A', '2018-3'),
('1302106019', 'AS333', 'B', '2018-3'),
('1302106019', 'AS432', 'A', '2018-4'),
('1302106019', 'AS492', 'O', '2018-4'),
('1302106019', 'AS534', 'D', '2018-5'),
('1302106019', 'AS582', 'E', '2018-5'),
('1302106019', 'AS614', 'B', '2018-6'),
('1302106020', 'AE523', 'C', '2018-5'),
('1302106020', 'AH113', 'F', '2018-1'),
('1302106020', 'AH173', 'E', '2018-1'),
('1302106020', 'AH213', 'D', '2018-2'),
('1302106020', 'AH312', 'C', '2018-3'),
('1302106020', 'AH412', 'B', '2018-4'),
('1302106020', 'AH542', 'C', '2018-5'),
('1302106020', 'AM623', 'F', '2018-6'),
('1302106020', 'AR133', 'C', '2018-1'),
('1302106020', 'AR143', 'C', '2018-1'),
('1302106020', 'AR154', 'C', '2018-1'),
('1302106020', 'AR162', 'C', '2018-1'),
('1302106020', 'AR184', 'C', '2018-1'),
('1302106020', 'AR192', 'C', '2018-1'),
('1302106020', 'AR233', 'C', '2018-2'),
('1302106020', 'AR243', 'A', '2018-2'),
('1302106020', 'AR252', 'E', '2018-2'),
('1302106020', 'AR263', 'C', '2018-2'),
('1302106020', 'AR272', 'A', '2018-2'),
('1302106020', 'AR284', 'B', '2018-2'),
('1302106020', 'AR292', 'B', '2018-2'),
('1302106020', 'AR343', 'C', '2018-3'),
('1302106020', 'AR352', 'A', '2018-3'),
('1302106020', 'AR366', 'O', '2018-3'),
('1302106020', 'AR372', 'O', '2018-3'),
('1302106020', 'AR382', 'A', '2018-3'),
('1302106020', 'AR394', 'A', '2018-3'),
('1302106020', 'AR4102', 'E', '2018-4'),
('1302106020', 'AR423', 'D', '2018-4'),
('1302106020', 'AR443', 'C', '2018-4'),
('1302106020', 'AR452', 'A', '2018-4'),
('1302106020', 'AR466', 'F', '2018-4'),
('1302106020', 'AR472', 'A', '2018-4'),
('1302106020', 'AR484', 'A', '2018-4'),
('1302106020', 'AR513', 'B', '2018-5'),
('1302106020', 'AR553', 'C', '2018-5'),
('1302106020', 'AR566', 'E', '2018-5'),
('1302106020', 'AR572', 'B', '2018-5'),
('1302106020', 'AR594', 'E', '2018-5'),
('1302106020', 'AR633', 'C', '2018-6'),
('1302106020', 'AR642', 'C', '2018-6'),
('1302106020', 'AR653', 'A', '2018-6'),
('1302106020', 'AR666', 'B', '2018-6'),
('1302106020', 'AR674', 'E', '2018-6'),
('1302106020', 'AR682', 'A', '2018-6'),
('1302106020', 'AR692', 'B', '2018-6'),
('1302106020', 'AS123', 'F', '2018-1'),
('1302106020', 'AS223', 'D', '2018-2'),
('1302106020', 'AS323', 'A', '2018-3'),
('1302106020', 'AS333', 'C', '2018-3'),
('1302106020', 'AS432', 'B', '2018-4'),
('1302106020', 'AS492', 'A', '2018-4'),
('1302106020', 'AS534', 'F', '2018-5'),
('1302106020', 'AS582', 'E', '2018-5'),
('1302106020', 'AS614', 'F', '2018-6'),
('1302106021', 'AE523', 'C', '2018-5'),
('1302106021', 'AH113', 'D', '2018-1'),
('1302106021', 'AH173', 'E', '2018-1'),
('1302106021', 'AH213', 'D', '2018-2'),
('1302106021', 'AH312', 'B', '2018-3'),
('1302106021', 'AH412', 'A', '2018-4'),
('1302106021', 'AH542', 'B', '2018-5'),
('1302106021', 'AM623', 'D', '2018-6'),
('1302106021', 'AR133', 'D', '2018-1'),
('1302106021', 'AR143', 'C', '2018-1'),
('1302106021', 'AR154', 'B', '2018-1'),
('1302106021', 'AR162', 'B', '2018-1'),
('1302106021', 'AR184', 'B', '2018-1'),
('1302106021', 'AR192', 'B', '2018-1'),
('1302106021', 'AR233', 'D', '2018-2'),
('1302106021', 'AR243', 'E', '2018-2'),
('1302106021', 'AR252', 'E', '2018-2'),
('1302106021', 'AR263', 'C', '2018-2'),
('1302106021', 'AR272', 'A', '2018-2'),
('1302106021', 'AR284', 'A', '2018-2'),
('1302106021', 'AR292', 'A', '2018-2'),
('1302106021', 'AR343', 'D', '2018-3'),
('1302106021', 'AR352', 'A', '2018-3'),
('1302106021', 'AR366', 'E', '2018-3'),
('1302106021', 'AR372', 'O', '2018-3'),
('1302106021', 'AR382', 'A', '2018-3'),
('1302106021', 'AR394', 'B', '2018-3'),
('1302106021', 'AR4102', 'A', '2018-4'),
('1302106021', 'AR423', 'B', '2018-4'),
('1302106021', 'AR443', 'B', '2018-4'),
('1302106021', 'AR452', 'E', '2018-4'),
('1302106021', 'AR466', 'A', '2018-4'),
('1302106021', 'AR472', 'F', '2018-4'),
('1302106021', 'AR484', 'E', '2018-4'),
('1302106021', 'AR513', 'C', '2018-5'),
('1302106021', 'AR553', 'C', '2018-5'),
('1302106021', 'AR566', 'A', '2018-5'),
('1302106021', 'AR572', 'O', '2018-5'),
('1302106021', 'AR594', 'A', '2018-5'),
('1302106021', 'AR633', 'A', '2018-6'),
('1302106021', 'AR642', 'B', '2018-6'),
('1302106021', 'AR653', 'A', '2018-6'),
('1302106021', 'AR666', 'B', '2018-6'),
('1302106021', 'AR674', 'B', '2018-6'),
('1302106021', 'AR682', 'B', '2018-6'),
('1302106021', 'AR692', 'C', '2018-6'),
('1302106021', 'AS123', 'F', '2018-1'),
('1302106021', 'AS223', 'D', '2018-2'),
('1302106021', 'AS323', 'B', '2018-3'),
('1302106021', 'AS333', 'B', '2018-3'),
('1302106021', 'AS432', 'B', '2018-4'),
('1302106021', 'AS492', 'E', '2018-4'),
('1302106021', 'AS534', 'D', '2018-5'),
('1302106021', 'AS582', 'E', '2018-5'),
('1302106021', 'AS614', 'D', '2018-6'),
('1302106022', 'AE523', 'C', '2018-5'),
('1302106022', 'AH113', 'F', '2018-1'),
('1302106022', 'AH173', 'O', '2018-1'),
('1302106022', 'AH213', 'F', '2018-2'),
('1302106022', 'AH312', 'C', '2018-3'),
('1302106022', 'AH412', 'A', '2018-4'),
('1302106022', 'AH542', 'B', '2018-5'),
('1302106022', 'AM623', 'D', '2018-6'),
('1302106022', 'AR133', 'D', '2018-1'),
('1302106022', 'AR143', 'B', '2018-1'),
('1302106022', 'AR154', 'A', '2018-1'),
('1302106022', 'AR162', 'A', '2018-1'),
('1302106022', 'AR184', 'B', '2018-1'),
('1302106022', 'AR192', 'A', '2018-1'),
('1302106022', 'AR233', 'B', '2018-2'),
('1302106022', 'AR243', 'E', '2018-2'),
('1302106022', 'AR252', 'E', '2018-2'),
('1302106022', 'AR263', 'B', '2018-2'),
('1302106022', 'AR272', 'E', '2018-2'),
('1302106022', 'AR284', 'A', '2018-2'),
('1302106022', 'AR292', 'E', '2018-2'),
('1302106022', 'AR343', 'C', '2018-3'),
('1302106022', 'AR352', 'E', '2018-3'),
('1302106022', 'AR366', 'O', '2018-3'),
('1302106022', 'AR372', 'O', '2018-3'),
('1302106022', 'AR382', 'A', '2018-3'),
('1302106022', 'AR394', 'O', '2018-3'),
('1302106022', 'AR4102', 'A', '2018-4'),
('1302106022', 'AR423', 'C', '2018-4'),
('1302106022', 'AR443', 'A', '2018-4'),
('1302106022', 'AR452', 'E', '2018-4'),
('1302106022', 'AR466', 'E', '2018-4'),
('1302106022', 'AR472', 'A', '2018-4'),
('1302106022', 'AR484', 'O', '2018-4'),
('1302106022', 'AR513', 'D', '2018-5'),
('1302106022', 'AR553', 'B', '2018-5'),
('1302106022', 'AR566', 'E', '2018-5'),
('1302106022', 'AR572', 'B', '2018-5'),
('1302106022', 'AR594', 'E', '2018-5'),
('1302106022', 'AR633', 'C', '2018-6'),
('1302106022', 'AR642', 'B', '2018-6'),
('1302106022', 'AR653', 'A', '2018-6'),
('1302106022', 'AR666', 'A', '2018-6'),
('1302106022', 'AR674', 'E', '2018-6'),
('1302106022', 'AR682', 'O', '2018-6'),
('1302106022', 'AR692', 'E', '2018-6'),
('1302106022', 'AS123', 'F', '2018-1'),
('1302106022', 'AS223', 'F', '2018-2'),
('1302106022', 'AS323', 'B', '2018-3'),
('1302106022', 'AS333', 'F', '2018-3'),
('1302106022', 'AS432', 'A', '2018-4'),
('1302106022', 'AS492', 'O', '2018-4'),
('1302106022', 'AS534', 'C', '2018-5'),
('1302106022', 'AS582', 'O', '2018-5'),
('1302106022', 'AS614', 'D', '2018-6'),
('1302106023', 'AE523', 'A', '2018-5'),
('1302106023', 'AH113', 'F', '2018-1'),
('1302106023', 'AH173', 'O', '2018-1'),
('1302106023', 'AH213', 'F', '2018-2'),
('1302106023', 'AH312', 'B', '2018-3'),
('1302106023', 'AH412', 'A', '2018-4'),
('1302106023', 'AH542', 'C', '2018-5'),
('1302106023', 'AM623', 'B', '2018-6'),
('1302106023', 'AR133', 'D', '2018-1'),
('1302106023', 'AR143', 'D', '2018-1'),
('1302106023', 'AR154', 'C', '2018-1'),
('1302106023', 'AR162', 'C', '2018-1'),
('1302106023', 'AR184', 'B', '2018-1'),
('1302106023', 'AR192', 'B', '2018-1'),
('1302106023', 'AR233', 'C', '2018-2'),
('1302106023', 'AR243', 'A', '2018-2'),
('1302106023', 'AR252', 'A', '2018-2'),
('1302106023', 'AR263', 'B', '2018-2'),
('1302106023', 'AR272', 'E', '2018-2'),
('1302106023', 'AR284', 'A', '2018-2'),
('1302106023', 'AR292', 'E', '2018-2'),
('1302106023', 'AR343', 'B', '2018-3'),
('1302106023', 'AR352', 'A', '2018-3'),
('1302106023', 'AR366', 'O', '2018-3'),
('1302106023', 'AR372', 'O', '2018-3'),
('1302106023', 'AR382', 'O', '2018-3'),
('1302106023', 'AR394', 'E', '2018-3'),
('1302106023', 'AR4102', 'A', '2018-4'),
('1302106023', 'AR423', 'C', '2018-4'),
('1302106023', 'AR443', 'B', '2018-4'),
('1302106023', 'AR452', 'A', '2018-4'),
('1302106023', 'AR466', 'B', '2018-4'),
('1302106023', 'AR472', 'E', '2018-4'),
('1302106023', 'AR484', 'O', '2018-4'),
('1302106023', 'AR513', 'C', '2018-5'),
('1302106023', 'AR553', 'A', '2018-5'),
('1302106023', 'AR566', 'E', '2018-5'),
('1302106023', 'AR572', 'B', '2018-5'),
('1302106023', 'AR594', 'E', '2018-5'),
('1302106023', 'AR633', 'B', '2018-6'),
('1302106023', 'AR642', 'B', '2018-6'),
('1302106023', 'AR653', 'A', '2018-6'),
('1302106023', 'AR666', 'B', '2018-6'),
('1302106023', 'AR674', 'A', '2018-6'),
('1302106023', 'AR682', 'A', '2018-6'),
('1302106023', 'AR692', 'B', '2018-6'),
('1302106023', 'AS123', 'D', '2018-1'),
('1302106023', 'AS223', 'C', '2018-2'),
('1302106023', 'AS323', 'B', '2018-3'),
('1302106023', 'AS333', 'D', '2018-3'),
('1302106023', 'AS432', 'C', '2018-4'),
('1302106023', 'AS492', 'O', '2018-4'),
('1302106023', 'AS534', 'C', '2018-5'),
('1302106023', 'AS582', 'E', '2018-5'),
('1302106023', 'AS614', 'C', '2018-6'),
('1302106024', 'AE523', 'C', '2018-5'),
('1302106024', 'AH113', 'C', '2018-1'),
('1302106024', 'AH173', 'E', '2018-1'),
('1302106024', 'AH213', 'B', '2018-2'),
('1302106024', 'AH312', 'B', '2018-3'),
('1302106024', 'AH412', 'A', '2018-4'),
('1302106024', 'AH542', 'C', '2018-5'),
('1302106024', 'AM623', 'C', '2018-6'),
('1302106024', 'AR133', 'A', '2018-1'),
('1302106024', 'AR143', 'B', '2018-1'),
('1302106024', 'AR154', 'B', '2018-1'),
('1302106024', 'AR162', 'B', '2018-1'),
('1302106024', 'AR184', 'B', '2018-1'),
('1302106024', 'AR192', 'A', '2018-1'),
('1302106024', 'AR233', 'B', '2018-2'),
('1302106024', 'AR243', 'E', '2018-2'),
('1302106024', 'AR252', 'O', '2018-2'),
('1302106024', 'AR263', 'E', '2018-2'),
('1302106024', 'AR272', 'A', '2018-2'),
('1302106024', 'AR284', 'A', '2018-2'),
('1302106024', 'AR292', 'A', '2018-2'),
('1302106024', 'AR343', 'C', '2018-3'),
('1302106024', 'AR352', 'E', '2018-3'),
('1302106024', 'AR366', 'E', '2018-3'),
('1302106024', 'AR372', 'O', '2018-3'),
('1302106024', 'AR382', 'O', '2018-3'),
('1302106024', 'AR394', 'B', '2018-3'),
('1302106024', 'AR4102', 'A', '2018-4'),
('1302106024', 'AR423', 'C', '2018-4'),
('1302106024', 'AR443', 'A', '2018-4'),
('1302106024', 'AR452', 'E', '2018-4'),
('1302106024', 'AR466', 'A', '2018-4'),
('1302106024', 'AR472', 'F', '2018-4'),
('1302106024', 'AR484', 'B', '2018-4'),
('1302106024', 'AR513', 'D', '2018-5'),
('1302106024', 'AR553', 'B', '2018-5'),
('1302106024', 'AR566', 'E', '2018-5'),
('1302106024', 'AR572', 'B', '2018-5'),
('1302106024', 'AR594', 'E', '2018-5'),
('1302106024', 'AR633', 'E', '2018-6'),
('1302106024', 'AR642', 'A', '2018-6'),
('1302106024', 'AR653', 'A', '2018-6'),
('1302106024', 'AR666', 'E', '2018-6'),
('1302106024', 'AR674', 'E', '2018-6'),
('1302106024', 'AR682', 'E', '2018-6'),
('1302106024', 'AR692', 'E', '2018-6'),
('1302106024', 'AS123', 'C', '2018-1'),
('1302106024', 'AS223', 'B', '2018-2'),
('1302106024', 'AS323', 'B', '2018-3'),
('1302106024', 'AS333', 'B', '2018-3'),
('1302106024', 'AS432', 'B', '2018-4'),
('1302106024', 'AS492', 'E', '2018-4'),
('1302106024', 'AS534', 'B', '2018-5'),
('1302106024', 'AS582', 'E', '2018-5'),
('1302106024', 'AS614', 'C', '2018-6'),
('1302106025', 'AE523', 'C', '2018-5'),
('1302106025', 'AH113', 'D', '2018-1'),
('1302106025', 'AH173', 'E', '2018-1'),
('1302106025', 'AH213', 'D', '2018-2'),
('1302106025', 'AH312', 'C', '2018-3'),
('1302106025', 'AH412', 'B', '2018-4'),
('1302106025', 'AH542', 'B', '2018-5'),
('1302106025', 'AM623', 'C', '2018-6'),
('1302106025', 'AR133', 'C', '2018-1'),
('1302106025', 'AR143', 'C', '2018-1'),
('1302106025', 'AR154', 'B', '2018-1'),
('1302106025', 'AR162', 'B', '2018-1'),
('1302106025', 'AR184', 'B', '2018-1'),
('1302106025', 'AR192', 'A', '2018-1'),
('1302106025', 'AR233', 'B', '2018-2'),
('1302106025', 'AR243', 'A', '2018-2'),
('1302106025', 'AR252', 'A', '2018-2'),
('1302106025', 'AR263', 'A', '2018-2'),
('1302106025', 'AR272', 'A', '2018-2'),
('1302106025', 'AR284', 'A', '2018-2'),
('1302106025', 'AR292', 'E', '2018-2'),
('1302106025', 'AR343', 'C', '2018-3'),
('1302106025', 'AR352', 'E', '2018-3'),
('1302106025', 'AR366', 'E', '2018-3'),
('1302106025', 'AR372', 'O', '2018-3'),
('1302106025', 'AR382', 'E', '2018-3'),
('1302106025', 'AR394', 'E', '2018-3'),
('1302106025', 'AR4102', 'A', '2018-4'),
('1302106025', 'AR423', 'C', '2018-4'),
('1302106025', 'AR443', 'C', '2018-4'),
('1302106025', 'AR452', 'A', '2018-4'),
('1302106025', 'AR466', 'A', '2018-4'),
('1302106025', 'AR472', 'F', '2018-4'),
('1302106025', 'AR484', 'O', '2018-4'),
('1302106025', 'AR513', 'C', '2018-5'),
('1302106025', 'AR553', 'C', '2018-5'),
('1302106025', 'AR566', 'A', '2018-5'),
('1302106025', 'AR572', 'E', '2018-5'),
('1302106025', 'AR594', 'A', '2018-5'),
('1302106025', 'AR633', 'C', '2018-6'),
('1302106025', 'AR642', 'B', '2018-6'),
('1302106025', 'AR653', 'B', '2018-6'),
('1302106025', 'AR666', 'B', '2018-6'),
('1302106025', 'AR674', 'B', '2018-6'),
('1302106025', 'AR682', 'E', '2018-6'),
('1302106025', 'AR692', 'O', '2018-6'),
('1302106025', 'AS123', 'F', '2018-1'),
('1302106025', 'AS223', 'C', '2018-2'),
('1302106025', 'AS323', 'A', '2018-3'),
('1302106025', 'AS333', 'C', '2018-3'),
('1302106025', 'AS432', 'A', '2018-4'),
('1302106025', 'AS492', 'O', '2018-4'),
('1302106025', 'AS534', 'D', '2018-5'),
('1302106025', 'AS582', 'O', '2018-5'),
('1302106025', 'AS614', 'B', '2018-6'),
('1302106026', 'AE523', 'C', '2018-5'),
('1302106026', 'AH113', 'C', '2018-1'),
('1302106026', 'AH173', 'O', '2018-1'),
('1302106026', 'AH213', 'B', '2018-2'),
('1302106026', 'AH312', 'C', '2018-3'),
('1302106026', 'AH412', 'B', '2018-4'),
('1302106026', 'AH542', 'C', '2018-5'),
('1302106026', 'AM623', 'D', '2018-6'),
('1302106026', 'AR143', 'D', '2018-1'),
('1302106026', 'AR154', 'A', '2018-1'),
('1302106026', 'AR162', 'A', '2018-1'),
('1302106026', 'AR184', 'B', '2018-1'),
('1302106026', 'AR192', 'A', '2018-1'),
('1302106026', 'AR233', 'D', '2018-2'),
('1302106026', 'AR243', 'A', '2018-2'),
('1302106026', 'AR252', 'O', '2018-2'),
('1302106026', 'AR263', 'A', '2018-2'),
('1302106026', 'AR272', 'E', '2018-2'),
('1302106026', 'AR284', 'A', '2018-2'),
('1302106026', 'AR292', 'E', '2018-2'),
('1302106026', 'AR343', 'D', '2018-3'),
('1302106026', 'AR352', 'E', '2018-3'),
('1302106026', 'AR366', 'O', '2018-3'),
('1302106026', 'AR372', 'O', '2018-3'),
('1302106026', 'AR382', 'E', '2018-3'),
('1302106026', 'AR394', 'O', '2018-3'),
('1302106026', 'AR4102', 'A', '2018-4'),
('1302106026', 'AR423', 'D', '2018-4'),
('1302106026', 'AR443', 'B', '2018-4'),
('1302106026', 'AR452', 'A', '2018-4'),
('1302106026', 'AR466', 'A', '2018-4'),
('1302106026', 'AR472', 'A', '2018-4'),
('1302106026', 'AR484', 'O', '2018-4'),
('1302106026', 'AR513', 'D', '2018-5'),
('1302106026', 'AR553', 'A', '2018-5'),
('1302106026', 'AR566', 'E', '2018-5'),
('1302106026', 'AR572', 'B', '2018-5'),
('1302106026', 'AR594', 'E', '2018-5'),
('1302106026', 'AR633', 'E', '2018-6'),
('1302106026', 'AR642', 'B', '2018-6'),
('1302106026', 'AR653', 'B', '2018-6'),
('1302106026', 'AR666', 'A', '2018-6'),
('1302106026', 'AR674', 'A', '2018-6'),
('1302106026', 'AR682', 'E', '2018-6');
INSERT INTO `score` (`student_id`, `subject_id`, `grade`, `semester_id`) VALUES
('1302106026', 'AR692', 'E', '2018-6'),
('1302106026', 'AS123', 'F', '2018-1'),
('1302106026', 'AS223', 'C', '2018-2'),
('1302106026', 'AS323', 'A', '2018-3'),
('1302106026', 'AS333', 'F', '2018-3'),
('1302106026', 'AS432', 'A', '2018-4'),
('1302106026', 'AS492', 'E', '2018-4'),
('1302106026', 'AS534', 'C', '2018-5'),
('1302106026', 'AS582', 'E', '2018-5'),
('1302106026', 'AS614', 'B', '2018-6'),
('1302106027', 'AH113', 'F', '2018-1'),
('1302106027', 'AH173', 'E', '2018-1'),
('1302106027', 'AH213', 'F', '2018-2'),
('1302106027', 'AH312', 'S', '2018-3'),
('1302106027', 'AH412', 'S', '2018-4'),
('1302106027', 'AM623', 'S', '2018-6'),
('1302106027', 'AR133', 'B', '2018-1'),
('1302106027', 'AR143', 'B', '2018-1'),
('1302106027', 'AR154', 'A', '2018-1'),
('1302106027', 'AR162', 'A', '2018-1'),
('1302106027', 'AR184', 'B', '2018-1'),
('1302106027', 'AR192', 'E', '2018-1'),
('1302106027', 'AR233', 'D', '2018-2'),
('1302106027', 'AR243', 'B', '2018-2'),
('1302106027', 'AR252', 'E', '2018-2'),
('1302106027', 'AR263', 'A', '2018-2'),
('1302106027', 'AR272', 'E', '2018-2'),
('1302106027', 'AR284', 'A', '2018-2'),
('1302106027', 'AR292', 'A', '2018-2'),
('1302106027', 'AR343', 'S', '2018-3'),
('1302106027', 'AR352', 'S', '2018-3'),
('1302106027', 'AR372', 'O', '2018-3'),
('1302106027', 'AR382', 'A', '2018-3'),
('1302106027', 'AR394', 'F', '2018-3'),
('1302106027', 'AR4102', 'F', '2018-4'),
('1302106027', 'AR423', 'S', '2018-4'),
('1302106027', 'AR443', 'S', '2018-4'),
('1302106027', 'AR452', 'S', '2018-4'),
('1302106027', 'AR466', 'F', '2018-4'),
('1302106027', 'AR472', 'F', '2018-4'),
('1302106027', 'AR484', 'F', '2018-4'),
('1302106027', 'AR633', 'S', '2018-6'),
('1302106027', 'AR642', 'S', '2018-6'),
('1302106027', 'AR653', 'S', '2018-6'),
('1302106027', 'AR666', 'F', '2018-6'),
('1302106027', 'AR674', 'F', '2018-6'),
('1302106027', 'AR682', 'F', '2018-6'),
('1302106027', 'AR692', 'F', '2018-6'),
('1302106027', 'AS123', 'D', '2018-1'),
('1302106027', 'AS223', 'D', '2018-2'),
('1302106027', 'AS323', 'S', '2018-3'),
('1302106027', 'AS333', 'S', '2018-3'),
('1302106027', 'AS432', 'S', '2018-4'),
('1302106027', 'AS614', 'S', '2018-6'),
('1302106028', 'AE523', 'D', '2018-5'),
('1302106028', 'AH113', 'F', '2018-1'),
('1302106028', 'AH173', 'E', '2018-1'),
('1302106028', 'AH213', 'F', '2018-2'),
('1302106028', 'AH312', 'C', '2018-3'),
('1302106028', 'AH412', 'B', '2018-4'),
('1302106028', 'AH542', 'C', '2018-5'),
('1302106028', 'AM623', 'F', '2018-6'),
('1302106028', 'AR133', 'D', '2018-1'),
('1302106028', 'AR143', 'C', '2018-1'),
('1302106028', 'AR154', 'B', '2018-1'),
('1302106028', 'AR162', 'B', '2018-1'),
('1302106028', 'AR184', 'B', '2018-1'),
('1302106028', 'AR192', 'C', '2018-1'),
('1302106028', 'AR233', 'D', '2018-2'),
('1302106028', 'AR243', 'C', '2018-2'),
('1302106028', 'AR252', 'A', '2018-2'),
('1302106028', 'AR263', 'F', '2018-2'),
('1302106028', 'AR272', 'A', '2018-2'),
('1302106028', 'AR284', 'A', '2018-2'),
('1302106028', 'AR292', 'B', '2018-2'),
('1302106028', 'AR343', 'D', '2018-3'),
('1302106028', 'AR352', 'A', '2018-3'),
('1302106028', 'AR366', 'O', '2018-3'),
('1302106028', 'AR372', 'O', '2018-3'),
('1302106028', 'AR382', 'E', '2018-3'),
('1302106028', 'AR394', 'E', '2018-3'),
('1302106028', 'AR4102', 'A', '2018-4'),
('1302106028', 'AR423', 'D', '2018-4'),
('1302106028', 'AR443', 'C', '2018-4'),
('1302106028', 'AR452', 'B', '2018-4'),
('1302106028', 'AR466', 'C', '2018-4'),
('1302106028', 'AR472', 'F', '2018-4'),
('1302106028', 'AR484', 'O', '2018-4'),
('1302106028', 'AR513', 'D', '2018-5'),
('1302106028', 'AR553', 'C', '2018-5'),
('1302106028', 'AR566', 'E', '2018-5'),
('1302106028', 'AR572', 'B', '2018-5'),
('1302106028', 'AR594', 'E', '2018-5'),
('1302106028', 'AR633', 'D', '2018-6'),
('1302106028', 'AR642', 'C', '2018-6'),
('1302106028', 'AR653', 'B', '2018-6'),
('1302106028', 'AR666', 'E', '2018-6'),
('1302106028', 'AR674', 'O', '2018-6'),
('1302106028', 'AR682', 'O', '2018-6'),
('1302106028', 'AR692', 'A', '2018-6'),
('1302106028', 'AS123', 'D', '2018-1'),
('1302106028', 'AS223', 'F', '2018-2'),
('1302106028', 'AS323', 'A', '2018-3'),
('1302106028', 'AS333', 'C', '2018-3'),
('1302106028', 'AS432', 'C', '2018-4'),
('1302106028', 'AS492', 'A', '2018-4'),
('1302106028', 'AS534', 'D', '2018-5'),
('1302106028', 'AS582', 'E', '2018-5'),
('1302106028', 'AS614', 'F', '2018-6'),
('1302106029', 'AE523', 'B', '2018-5'),
('1302106029', 'AH113', 'D', '2018-1'),
('1302106029', 'AH173', 'E', '2018-1'),
('1302106029', 'AH213', 'C', '2018-2'),
('1302106029', 'AH312', 'C', '2018-3'),
('1302106029', 'AH412', 'B', '2018-4'),
('1302106029', 'AH542', 'C', '2018-5'),
('1302106029', 'AM623', 'D', '2018-6'),
('1302106029', 'AR133', 'D', '2018-1'),
('1302106029', 'AR143', 'C', '2018-1'),
('1302106029', 'AR154', 'C', '2018-1'),
('1302106029', 'AR162', 'C', '2018-1'),
('1302106029', 'AR184', 'B', '2018-1'),
('1302106029', 'AR192', 'B', '2018-1'),
('1302106029', 'AR233', 'C', '2018-2'),
('1302106029', 'AR243', 'A', '2018-2'),
('1302106029', 'AR252', 'A', '2018-2'),
('1302106029', 'AR263', 'B', '2018-2'),
('1302106029', 'AR272', 'A', '2018-2'),
('1302106029', 'AR284', 'A', '2018-2'),
('1302106029', 'AR292', 'A', '2018-2'),
('1302106029', 'AR343', 'B', '2018-3'),
('1302106029', 'AR352', 'A', '2018-3'),
('1302106029', 'AR366', 'E', '2018-3'),
('1302106029', 'AR372', 'O', '2018-3'),
('1302106029', 'AR382', 'E', '2018-3'),
('1302106029', 'AR394', 'A', '2018-3'),
('1302106029', 'AR4102', 'A', '2018-4'),
('1302106029', 'AR423', 'C', '2018-4'),
('1302106029', 'AR443', 'C', '2018-4'),
('1302106029', 'AR452', 'A', '2018-4'),
('1302106029', 'AR466', 'A', '2018-4'),
('1302106029', 'AR472', 'A', '2018-4'),
('1302106029', 'AR484', 'O', '2018-4'),
('1302106029', 'AR513', 'C', '2018-5'),
('1302106029', 'AR553', 'B', '2018-5'),
('1302106029', 'AR566', 'A', '2018-5'),
('1302106029', 'AR572', 'E', '2018-5'),
('1302106029', 'AR594', 'A', '2018-5'),
('1302106029', 'AR633', 'C', '2018-6'),
('1302106029', 'AR642', 'B', '2018-6'),
('1302106029', 'AR653', 'B', '2018-6'),
('1302106029', 'AR666', 'B', '2018-6'),
('1302106029', 'AR674', 'A', '2018-6'),
('1302106029', 'AR682', 'B', '2018-6'),
('1302106029', 'AR692', 'B', '2018-6'),
('1302106029', 'AS123', 'D', '2018-1'),
('1302106029', 'AS223', 'F', '2018-2'),
('1302106029', 'AS323', 'A', '2018-3'),
('1302106029', 'AS333', 'C', '2018-3'),
('1302106029', 'AS432', 'A', '2018-4'),
('1302106029', 'AS492', 'E', '2018-4'),
('1302106029', 'AS534', 'C', '2018-5'),
('1302106029', 'AS582', 'O', '2018-5'),
('1302106029', 'AS614', 'A', '2018-6'),
('1302106030', 'AE523', 'B', '2018-5'),
('1302106030', 'AH113', 'D', '2018-1'),
('1302106030', 'AH173', 'E', '2018-1'),
('1302106030', 'AH213', 'C', '2018-2'),
('1302106030', 'AH312', 'A', '2018-3'),
('1302106030', 'AH412', 'A', '2018-4'),
('1302106030', 'AH542', 'B', '2018-5'),
('1302106030', 'AM623', 'D', '2018-6'),
('1302106030', 'AR133', 'A', '2018-1'),
('1302106030', 'AR143', 'B', '2018-1'),
('1302106030', 'AR154', 'B', '2018-1'),
('1302106030', 'AR162', 'B', '2018-1'),
('1302106030', 'AR184', 'B', '2018-1'),
('1302106030', 'AR192', 'A', '2018-1'),
('1302106030', 'AR233', 'E', '2018-2'),
('1302106030', 'AR243', 'E', '2018-2'),
('1302106030', 'AR252', 'O', '2018-2'),
('1302106030', 'AR263', 'A', '2018-2'),
('1302106030', 'AR272', 'E', '2018-2'),
('1302106030', 'AR284', 'A', '2018-2'),
('1302106030', 'AR292', 'E', '2018-2'),
('1302106030', 'AR343', 'C', '2018-3'),
('1302106030', 'AR352', 'E', '2018-3'),
('1302106030', 'AR366', 'O', '2018-3'),
('1302106030', 'AR372', 'O', '2018-3'),
('1302106030', 'AR382', 'E', '2018-3'),
('1302106030', 'AR394', 'E', '2018-3'),
('1302106030', 'AR4102', 'E', '2018-4'),
('1302106030', 'AR423', 'C', '2018-4'),
('1302106030', 'AR443', 'A', '2018-4'),
('1302106030', 'AR452', 'A', '2018-4'),
('1302106030', 'AR466', 'E', '2018-4'),
('1302106030', 'AR472', 'O', '2018-4'),
('1302106030', 'AR484', 'E', '2018-4'),
('1302106030', 'AR513', 'B', '2018-5'),
('1302106030', 'AR553', 'C', '2018-5'),
('1302106030', 'AR566', 'O', '2018-5'),
('1302106030', 'AR572', 'E', '2018-5'),
('1302106030', 'AR594', 'O', '2018-5'),
('1302106030', 'AR633', 'A', '2018-6'),
('1302106030', 'AR642', 'B', '2018-6'),
('1302106030', 'AR653', 'A', '2018-6'),
('1302106030', 'AR666', 'E', '2018-6'),
('1302106030', 'AR674', 'O', '2018-6'),
('1302106030', 'AR682', 'O', '2018-6'),
('1302106030', 'AR692', 'E', '2018-6'),
('1302106030', 'AS123', 'D', '2018-1'),
('1302106030', 'AS223', 'C', '2018-2'),
('1302106030', 'AS323', 'A', '2018-3'),
('1302106030', 'AS333', 'B', '2018-3'),
('1302106030', 'AS432', 'A', '2018-4'),
('1302106030', 'AS492', 'E', '2018-4'),
('1302106030', 'AS534', 'D', '2018-5'),
('1302106030', 'AS582', 'E', '2018-5'),
('1302106030', 'AS614', 'C', '2018-6'),
('1302106031', 'AE523', 'D', '2018-5'),
('1302106031', 'AH113', 'F', '2018-1'),
('1302106031', 'AH173', 'O', '2018-1'),
('1302106031', 'AH213', 'D', '2018-2'),
('1302106031', 'AH312', 'D', '2018-3'),
('1302106031', 'AH412', 'B', '2018-4'),
('1302106031', 'AH542', 'C', '2018-5'),
('1302106031', 'AM623', 'F', '2018-6'),
('1302106031', 'AR133', 'D', '2018-1'),
('1302106031', 'AR143', 'C', '2018-1'),
('1302106031', 'AR154', 'C', '2018-1'),
('1302106031', 'AR162', 'C', '2018-1'),
('1302106031', 'AR184', 'C', '2018-1'),
('1302106031', 'AR192', 'B', '2018-1'),
('1302106031', 'AR233', 'B', '2018-2'),
('1302106031', 'AR243', 'E', '2018-2'),
('1302106031', 'AR252', 'A', '2018-2'),
('1302106031', 'AR263', 'A', '2018-2'),
('1302106031', 'AR272', 'A', '2018-2'),
('1302106031', 'AR284', 'B', '2018-2'),
('1302106031', 'AR292', 'A', '2018-2'),
('1302106031', 'AR343', 'D', '2018-3'),
('1302106031', 'AR352', 'E', '2018-3'),
('1302106031', 'AR366', 'E', '2018-3'),
('1302106031', 'AR372', 'O', '2018-3'),
('1302106031', 'AR382', 'A', '2018-3'),
('1302106031', 'AR394', 'E', '2018-3'),
('1302106031', 'AR4102', 'A', '2018-4'),
('1302106031', 'AR423', 'C', '2018-4'),
('1302106031', 'AR443', 'D', '2018-4'),
('1302106031', 'AR452', 'A', '2018-4'),
('1302106031', 'AR466', 'B', '2018-4'),
('1302106031', 'AR472', 'B', '2018-4'),
('1302106031', 'AR484', 'F', '2018-4'),
('1302106031', 'AR513', 'F', '2018-5'),
('1302106031', 'AR553', 'C', '2018-5'),
('1302106031', 'AR566', 'C', '2018-5'),
('1302106031', 'AR572', 'B', '2018-5'),
('1302106031', 'AR594', 'B', '2018-5'),
('1302106031', 'AR633', 'D', '2018-6'),
('1302106031', 'AR642', 'B', '2018-6'),
('1302106031', 'AR653', 'C', '2018-6'),
('1302106031', 'AR666', 'B', '2018-6'),
('1302106031', 'AR674', 'A', '2018-6'),
('1302106031', 'AR682', 'B', '2018-6'),
('1302106031', 'AR692', 'A', '2018-6'),
('1302106031', 'AS123', 'F', '2018-1'),
('1302106031', 'AS223', 'F', '2018-2'),
('1302106031', 'AS323', 'B', '2018-3'),
('1302106031', 'AS333', 'C', '2018-3'),
('1302106031', 'AS432', 'C', '2018-4'),
('1302106031', 'AS492', 'E', '2018-4'),
('1302106031', 'AS534', 'D', '2018-5'),
('1302106031', 'AS582', 'A', '2018-5'),
('1302106031', 'AS614', 'D', '2018-6'),
('1302106032', 'AE523', 'D', '2018-5'),
('1302106032', 'AH113', 'F', '2018-1'),
('1302106032', 'AH173', 'E', '2018-1'),
('1302106032', 'AH213', 'F', '2018-2'),
('1302106032', 'AH312', 'C', '2018-3'),
('1302106032', 'AH412', 'B', '2018-4'),
('1302106032', 'AH542', 'B', '2018-5'),
('1302106032', 'AM623', 'D', '2018-6'),
('1302106032', 'AR133', 'C', '2018-1'),
('1302106032', 'AR143', 'B', '2018-1'),
('1302106032', 'AR154', 'C', '2018-1'),
('1302106032', 'AR162', 'C', '2018-1'),
('1302106032', 'AR184', 'C', '2018-1'),
('1302106032', 'AR192', 'B', '2018-1'),
('1302106032', 'AR233', 'C', '2018-2'),
('1302106032', 'AR243', 'A', '2018-2'),
('1302106032', 'AR252', 'E', '2018-2'),
('1302106032', 'AR263', 'E', '2018-2'),
('1302106032', 'AR272', 'A', '2018-2'),
('1302106032', 'AR284', 'A', '2018-2'),
('1302106032', 'AR292', 'B', '2018-2'),
('1302106032', 'AR343', 'C', '2018-3'),
('1302106032', 'AR352', 'E', '2018-3'),
('1302106032', 'AR366', 'B', '2018-3'),
('1302106032', 'AR372', 'O', '2018-3'),
('1302106032', 'AR382', 'A', '2018-3'),
('1302106032', 'AR394', 'B', '2018-3'),
('1302106032', 'AR4102', 'E', '2018-4'),
('1302106032', 'AR423', 'C', '2018-4'),
('1302106032', 'AR443', 'B', '2018-4'),
('1302106032', 'AR452', 'A', '2018-4'),
('1302106032', 'AR466', 'F', '2018-4'),
('1302106032', 'AR472', 'F', '2018-4'),
('1302106032', 'AR484', 'F', '2018-4'),
('1302106032', 'AR513', 'B', '2018-5'),
('1302106032', 'AR553', 'C', '2018-5'),
('1302106032', 'AR566', 'A', '2018-5'),
('1302106032', 'AR572', 'C', '2018-5'),
('1302106032', 'AR594', 'A', '2018-5'),
('1302106032', 'AR633', 'D', '2018-6'),
('1302106032', 'AR642', 'C', '2018-6'),
('1302106032', 'AR653', 'B', '2018-6'),
('1302106032', 'AR666', 'F', '2018-6'),
('1302106032', 'AR674', 'F', '2018-6'),
('1302106032', 'AR682', 'F', '2018-6'),
('1302106032', 'AR692', 'F', '2018-6'),
('1302106032', 'AS123', 'F', '2018-1'),
('1302106032', 'AS223', 'D', '2018-2'),
('1302106032', 'AS323', 'A', '2018-3'),
('1302106032', 'AS333', 'D', '2018-3'),
('1302106032', 'AS432', 'D', '2018-4'),
('1302106032', 'AS492', 'E', '2018-4'),
('1302106032', 'AS534', 'F', '2018-5'),
('1302106032', 'AS582', 'A', '2018-5'),
('1302106032', 'AS614', 'F', '2018-6'),
('1422106001', 'AH312', 'D', '2018-3'),
('1422106001', 'AH412', 'D', '2018-4'),
('1422106001', 'AR343', 'D', '2018-3'),
('1422106001', 'AR352', 'D', '2018-3'),
('1422106001', 'AR366', 'A', '2018-3'),
('1422106001', 'AR372', 'O', '2018-3'),
('1422106001', 'AR382', 'O', '2018-3'),
('1422106001', 'AR394', 'B', '2018-3'),
('1422106001', 'AR4102', 'A', '2018-4'),
('1422106001', 'AR423', 'F', '2018-4'),
('1422106001', 'AR443', 'D', '2018-4'),
('1422106001', 'AR452', 'D', '2018-4'),
('1422106001', 'AR466', 'B', '2018-4'),
('1422106001', 'AR472', 'B', '2018-4'),
('1422106001', 'AR484', 'O', '2018-4'),
('1422106001', 'AS323', 'D', '2018-3'),
('1422106001', 'AS333', 'F', '2018-3'),
('1422106001', 'AS432', 'D', '2018-4'),
('1422106001', 'AS492', 'O', '2018-4'),
('1422106002', 'AH312', 'C', '2018-3'),
('1422106002', 'AH412', 'B', '2018-4'),
('1422106002', 'AR343', 'C', '2018-3'),
('1422106002', 'AR352', 'A', '2018-3'),
('1422106002', 'AR366', 'A', '2018-3'),
('1422106002', 'AR372', 'O', '2018-3'),
('1422106002', 'AR382', 'E', '2018-3'),
('1422106002', 'AR394', 'E', '2018-3'),
('1422106002', 'AR4102', 'A', '2018-4'),
('1422106002', 'AR423', 'C', '2018-4'),
('1422106002', 'AR443', 'B', '2018-4'),
('1422106002', 'AR452', 'B', '2018-4'),
('1422106002', 'AR466', 'A', '2018-4'),
('1422106002', 'AR472', 'F', '2018-4'),
('1422106002', 'AR484', 'E', '2018-4'),
('1422106002', 'AS323', 'B', '2018-3'),
('1422106002', 'AS333', 'A', '2018-3'),
('1422106002', 'AS432', 'B', '2018-4'),
('1422106002', 'AS492', 'E', '2018-4'),
('1422106003', 'AH312', 'B', '2018-3'),
('1422106003', 'AH412', 'C', '2018-4'),
('1422106003', 'AR343', 'A', '2018-3'),
('1422106003', 'AR352', 'E', '2018-3'),
('1422106003', 'AR366', 'A', '2018-3'),
('1422106003', 'AR372', 'O', '2018-3'),
('1422106003', 'AR382', 'E', '2018-3'),
('1422106003', 'AR394', 'O', '2018-3'),
('1422106003', 'AR4102', 'A', '2018-4'),
('1422106003', 'AR423', 'C', '2018-4'),
('1422106003', 'AR443', 'C', '2018-4'),
('1422106003', 'AR452', 'A', '2018-4'),
('1422106003', 'AR466', 'A', '2018-4'),
('1422106003', 'AR472', 'A', '2018-4'),
('1422106003', 'AR484', 'E', '2018-4'),
('1422106003', 'AS323', 'A', '2018-3'),
('1422106003', 'AS333', 'A', '2018-3'),
('1422106003', 'AS432', 'A', '2018-4'),
('1422106003', 'AS492', 'O', '2018-4'),
('1422106004', 'AH312', 'C', '2018-3'),
('1422106004', 'AH412', 'B', '2018-4'),
('1422106004', 'AR343', 'D', '2018-3'),
('1422106004', 'AR352', 'B', '2018-3'),
('1422106004', 'AR366', 'A', '2018-3'),
('1422106004', 'AR372', 'O', '2018-3'),
('1422106004', 'AR382', 'A', '2018-3'),
('1422106004', 'AR394', 'E', '2018-3'),
('1422106004', 'AR4102', 'A', '2018-4'),
('1422106004', 'AR423', 'C', '2018-4'),
('1422106004', 'AR443', 'B', '2018-4'),
('1422106004', 'AR452', 'A', '2018-4'),
('1422106004', 'AR466', 'A', '2018-4'),
('1422106004', 'AR472', 'A', '2018-4'),
('1422106004', 'AR484', 'F', '2018-4'),
('1422106004', 'AS323', 'A', '2018-3'),
('1422106004', 'AS333', 'D', '2018-3'),
('1422106004', 'AS432', 'B', '2018-4'),
('1422106004', 'AS492', 'A', '2018-4'),
('1422106005', 'AH312', 'B', '2018-3'),
('1422106005', 'AH412', 'B', '2018-4'),
('1422106005', 'AR343', 'F', '2018-3'),
('1422106005', 'AR352', 'B', '2018-3'),
('1422106005', 'AR366', 'O', '2018-3'),
('1422106005', 'AR372', 'O', '2018-3'),
('1422106005', 'AR382', 'E', '2018-3'),
('1422106005', 'AR394', 'O', '2018-3'),
('1422106005', 'AR4102', 'A', '2018-4'),
('1422106005', 'AR423', 'C', '2018-4'),
('1422106005', 'AR443', 'B', '2018-4'),
('1422106005', 'AR452', 'A', '2018-4'),
('1422106005', 'AR466', 'A', '2018-4'),
('1422106005', 'AR472', 'E', '2018-4'),
('1422106005', 'AR484', 'O', '2018-4'),
('1422106005', 'AS323', 'C', '2018-3'),
('1422106005', 'AS333', 'D', '2018-3'),
('1422106005', 'AS432', 'B', '2018-4'),
('1422106005', 'AS492', 'O', '2018-4'),
('1422106006', 'AH312', 'C', '2018-3'),
('1422106006', 'AH412', 'C', '2018-4'),
('1422106006', 'AR343', 'D', '2018-3'),
('1422106006', 'AR352', 'E', '2018-3'),
('1422106006', 'AR366', 'E', '2018-3'),
('1422106006', 'AR372', 'O', '2018-3'),
('1422106006', 'AR382', 'A', '2018-3'),
('1422106006', 'AR394', 'O', '2018-3'),
('1422106006', 'AR4102', 'A', '2018-4'),
('1422106006', 'AR423', 'D', '2018-4'),
('1422106006', 'AR443', 'C', '2018-4'),
('1422106006', 'AR452', 'B', '2018-4'),
('1422106006', 'AR466', 'A', '2018-4'),
('1422106006', 'AR472', 'E', '2018-4'),
('1422106006', 'AR484', 'O', '2018-4'),
('1422106006', 'AS323', 'A', '2018-3'),
('1422106006', 'AS333', 'D', '2018-3'),
('1422106006', 'AS432', 'B', '2018-4'),
('1422106006', 'AS492', 'O', '2018-4'),
('1422106007', 'AH312', 'F', '2018-3'),
('1422106007', 'AH412', 'D', '2018-4'),
('1422106007', 'AR343', 'F', '2018-3'),
('1422106007', 'AR352', 'D', '2018-3'),
('1422106007', 'AR366', 'A', '2018-3'),
('1422106007', 'AR372', 'O', '2018-3'),
('1422106007', 'AR382', 'E', '2018-3'),
('1422106007', 'AR394', 'A', '2018-3'),
('1422106007', 'AR4102', 'A', '2018-4'),
('1422106007', 'AR423', 'F', '2018-4'),
('1422106007', 'AR443', 'D', '2018-4'),
('1422106007', 'AR452', 'D', '2018-4'),
('1422106007', 'AR466', 'A', '2018-4'),
('1422106007', 'AR472', 'E', '2018-4'),
('1422106007', 'AR484', 'O', '2018-4'),
('1422106007', 'AS323', 'D', '2018-3'),
('1422106007', 'AS333', 'F', '2018-3'),
('1422106007', 'AS432', 'D', '2018-4'),
('1422106007', 'AS492', 'O', '2018-4'),
('1422106008', 'AH312', 'D', '2018-3'),
('1422106008', 'AH412', 'D', '2018-4'),
('1422106008', 'AR343', 'D', '2018-3'),
('1422106008', 'AR352', 'B', '2018-3'),
('1422106008', 'AR366', 'A', '2018-3'),
('1422106008', 'AR372', 'O', '2018-3'),
('1422106008', 'AR382', 'A', '2018-3'),
('1422106008', 'AR394', 'E', '2018-3'),
('1422106008', 'AR4102', 'A', '2018-4'),
('1422106008', 'AR423', 'F', '2018-4'),
('1422106008', 'AR443', 'C', '2018-4'),
('1422106008', 'AR452', 'B', '2018-4'),
('1422106008', 'AR466', 'A', '2018-4'),
('1422106008', 'AR472', 'E', '2018-4'),
('1422106008', 'AR484', 'E', '2018-4'),
('1422106008', 'AS323', 'C', '2018-3'),
('1422106008', 'AS333', 'F', '2018-3'),
('1422106008', 'AS432', 'D', '2018-4'),
('1422106008', 'AS492', 'E', '2018-4'),
('1422106009', 'AH312', 'B', '2018-3'),
('1422106009', 'AH412', 'B', '2018-4'),
('1422106009', 'AR343', 'C', '2018-3'),
('1422106009', 'AR352', 'E', '2018-3'),
('1422106009', 'AR366', 'E', '2018-3'),
('1422106009', 'AR372', 'O', '2018-3'),
('1422106009', 'AR382', 'O', '2018-3'),
('1422106009', 'AR394', 'E', '2018-3'),
('1422106009', 'AR4102', 'A', '2018-4'),
('1422106009', 'AR423', 'D', '2018-4'),
('1422106009', 'AR443', 'A', '2018-4'),
('1422106009', 'AR452', 'A', '2018-4'),
('1422106009', 'AR466', 'A', '2018-4'),
('1422106009', 'AR472', 'A', '2018-4'),
('1422106009', 'AR484', 'E', '2018-4'),
('1422106009', 'AS323', 'B', '2018-3'),
('1422106009', 'AS333', 'C', '2018-3'),
('1422106009', 'AS432', 'E', '2018-4'),
('1422106009', 'AS492', 'O', '2018-4'),
('1422106010', 'AH312', 'C', '2018-3'),
('1422106010', 'AH412', 'A', '2018-4'),
('1422106010', 'AR343', 'F', '2018-3'),
('1422106010', 'AR352', 'A', '2018-3'),
('1422106010', 'AR366', 'A', '2018-3'),
('1422106010', 'AR372', 'O', '2018-3'),
('1422106010', 'AR382', 'E', '2018-3'),
('1422106010', 'AR394', 'C', '2018-3'),
('1422106010', 'AR4102', 'A', '2018-4'),
('1422106010', 'AR423', 'D', '2018-4'),
('1422106010', 'AR443', 'B', '2018-4'),
('1422106010', 'AR452', 'A', '2018-4'),
('1422106010', 'AR466', 'A', '2018-4'),
('1422106010', 'AR472', 'A', '2018-4'),
('1422106010', 'AR484', 'C', '2018-4'),
('1422106010', 'AS323', 'B', '2018-3'),
('1422106010', 'AS333', 'C', '2018-3'),
('1422106010', 'AS432', 'B', '2018-4'),
('1422106010', 'AS492', 'O', '2018-4'),
('1422106011', 'AH312', 'D', '2018-3'),
('1422106011', 'AH412', 'C', '2018-4'),
('1422106011', 'AR343', 'F', '2018-3'),
('1422106011', 'AR352', 'F', '2018-3'),
('1422106011', 'AR4102', 'A', '2018-4'),
('1422106011', 'AR423', 'F', '2018-4'),
('1422106011', 'AR443', 'D', '2018-4'),
('1422106011', 'AR452', 'B', '2018-4'),
('1422106011', 'AR466', 'A', '2018-4'),
('1422106011', 'AR472', 'A', '2018-4'),
('1422106011', 'AR484', 'C', '2018-4'),
('1422106011', 'AS323', 'B', '2018-3'),
('1422106011', 'AS333', 'F', '2018-3'),
('1422106011', 'AS432', 'D', '2018-4'),
('1422106011', 'AS492', 'E', '2018-4');

-- --------------------------------------------------------

--
-- Table structure for table `semester`
--

CREATE TABLE IF NOT EXISTS `semester` (
  `code` int(11) NOT NULL AUTO_INCREMENT,
  `batch` int(11) NOT NULL,
  `num` int(11) NOT NULL,
  PRIMARY KEY (`code`)
) ENGINE=InnoDB DEFAULT CHARSET=latin1 AUTO_INCREMENT=1 ;

-- --------------------------------------------------------

--
-- Table structure for table `student`
--

CREATE TABLE IF NOT EXISTS `student` (
  `student_id` varchar(255) NOT NULL,
  `name` varchar(255) NOT NULL,
  `branch_id` char(255) NOT NULL,
  `batch` int(11) NOT NULL,
  `cgpa` float DEFAULT NULL,
  `course` varchar(255) NOT NULL,
  PRIMARY KEY (`student_id`),
  UNIQUE KEY `student_regno` (`student_id`),
  KEY `student_branch_id` (`branch_id`)
) ENGINE=InnoDB DEFAULT CHARSET=latin1;

--
-- Dumping data for table `student`
--

INSERT INTO `student` (`student_id`, `name`, `branch_id`, `batch`, `cgpa`, `course`) VALUES
('1302106001', 'CHANDRIKA KUMARI MOHAPATRA', 'ARCH', 2018, 7.81, 'reg'),
('1302106002', 'BAIVAB PUHAN', 'ARCH', 2018, 3.52, 'reg'),
('1302106003', 'EJILINA PRIYADARSHINEE', 'ARCH', 2018, 7.75, 'reg'),
('1302106004', 'ANKITA DAS', 'ARCH', 2018, 8.33, 'reg'),
('1302106005', 'RAMA KRISHNA MISHRA', 'ARCH', 2018, 3.14, 'reg'),
('1302106006', 'ANSUMAN SAMANTARAY', 'ARCH', 2018, 6.72, 'reg'),
('1302106007', 'SHALINI KESHRI', 'ARCH', 2018, 7.47, 'reg'),
('1302106008', 'AYUSHEE PRIYADARSHINI MOHANTY', 'ARCH', 2018, 7.84, 'reg'),
('1302106009', 'ASPRUHA SWAIN', 'ARCH', 2018, 8.42, 'reg'),
('1302106010', 'SRIRUPA ROUT', 'ARCH', 2018, 8.01, 'reg'),
('1302106011', 'ARADHANA SAHU', 'ARCH', 2018, 7.88, 'reg'),
('1302106012', 'SHRISTI SATRUPA MOHAPATRA', 'ARCH', 2018, 6.76, 'reg'),
('1302106013', 'ANKITA SATPATHY', 'ARCH', 2018, 6.27, 'reg'),
('1302106014', 'SUSHREE PANIGRAHI', 'ARCH', 2018, 4.78, 'reg'),
('1302106015', 'SWARUPA PANDA', 'ARCH', 2018, 7.64, 'reg'),
('1302106016', 'AMARJEET KUMAR MURMU', 'ARCH', 2018, 3.73, 'reg'),
('1302106017', 'SUNITA KISKU', 'ARCH', 2018, 6.63, 'reg'),
('1302106018', 'SUBHASHREE NAIK', 'ARCH', 2018, 7.83, 'reg'),
('1302106019', 'SHIVANGI PRADHAN', 'ARCH', 2018, 7.96, 'reg'),
('1302106020', 'KRUSHNA CHANDRA DAS', 'ARCH', 2018, 6.87, 'reg'),
('1302106021', 'RONALISA SAHOO', 'ARCH', 2018, 7.15, 'reg'),
('1302106022', 'PRITILATA BARIK', 'ARCH', 2018, 7.45, 'reg'),
('1302106023', 'SAUGAT PANDA', 'ARCH', 2018, 7.56, 'reg'),
('1302106024', 'ANISHA SAMAL', 'ARCH', 2018, 7.66, 'reg'),
('1302106025', 'PADMAJA CHAKRAVARTY', 'ARCH', 2018, 7.42, 'reg'),
('1302106026', 'SWAYANSIDDHA NAYAK', 'ARCH', 2018, 7.49, 'reg'),
('1302106027', 'PRIYA BRATA BARIK', 'ARCH', 2018, 2.81, 'reg'),
('1302106028', 'SOUMENDRA PRIYADARSHI PATRA', 'ARCH', 2018, 7.06, 'reg'),
('1302106029', 'PRIYANKA SAHU', 'ARCH', 2018, 7.16, 'reg'),
('1302106030', 'SRUSTI SOUMEN', 'ARCH', 2018, 7.98, 'reg'),
('1302106031', 'SNEHASHREE SWAIN', 'ARCH', 2018, 6.46, 'reg'),
('1302106032', 'SOUMYA TRIPATHY', 'ARCH', 2018, 5.69, 'reg'),
('1422106001', 'BISWAJITA ROUTRA', 'ARCH', 2018, 6.45, 'le'),
('1422106002', 'JYOTIRMAYEE GODSOR', 'ARCH', 2018, 7.57, 'le'),
('1422106003', 'K NANDINI KUMARI RA', 'ARCH', 2018, 8.12, 'le'),
('1422106004', 'MENAKA HEMBRA', 'ARCH', 2018, 7.05, 'le'),
('1422106005', 'MONALISA NAYA', 'ARCH', 2018, 7.81, 'le'),
('1422106006', 'PRAGNYA SMITA SENAPAT', 'ARCH', 2018, 7.81, 'le'),
('1422106007', 'SHRADHA SUMAN BASTI', 'ARCH', 2018, 6.39, 'le'),
('1422106008', 'SUBASINI NAI', 'ARCH', 2018, 6.86, 'le'),
('1422106009', 'SUJATA SAHO', 'ARCH', 2018, 8.04, 'le'),
('1422106010', 'SUSHREE SWAGATIKA KHATU', 'ARCH', 2018, 7.07, 'le'),
('1422106011', 'BHANU PRIYA BEHER', 'ARCH', 2018, 5, 'le');

-- --------------------------------------------------------

--
-- Table structure for table `subject`
--

CREATE TABLE IF NOT EXISTS `subject` (
  `code` varchar(255) NOT NULL,
  `name` varchar(255) NOT NULL,
  `credits` int(11) NOT NULL,
  PRIMARY KEY (`code`),
  UNIQUE KEY `subject_code` (`code`)
) ENGINE=InnoDB DEFAULT CHARSET=latin1;

--
-- Dumping data for table `subject`
--

INSERT INTO `subject` (`code`, `name`, `credits`) VALUES
('15BE2101', 'BASICS OF ELECTRONICS', 4),
('15BE2102', 'BASIC ELECTRICAL ENGINEERING', 4),
('15BE2103', 'THERMODYNAMICS', 3),
('15BE2104', 'MECHANICS', 3),
('15BE2105', 'PROGRAMMING IN C', 5),
('15BE2106', 'DATA STRUCTURE USING C', 5),
('15BE7101', 'ENGINEERING DRAWING', 2),
('15BE7102', 'ENGINEERING WORKSHOP', 2),
('15BS1101', 'MATHEMATICS - I', 4),
('15BS1102', 'PHYSICS', 4),
('15BS1103', 'CHEMISTRY', 4),
('15BS1104', 'MATHEMATICS - II', 4),
('15HM3101', 'ENGLISH COMMUNICATION SKILL', 3),
('15HM3102', 'BUSINESS COMMUNICATION', 3),
('AE523', 'BUILDING SERVICES - III (ILLUMINATION)', 3),
('AH113', 'MATHEMATICS - I', 3),
('AH173', 'COMMUNICATIVE ENGLISH', 2),
('AH213', 'MATHEMATICS - II', 3),
('AH312', 'ENVIRONMENTAL PSYCHOLOGY', 2),
('AH412', 'SOCIOLOGY', 2),
('AH542', 'BUILDING ECONOMICS', 2),
('AM623', 'BUILDING SERVICES - IV (REFRIGERATION AND AIR CONDITIONING)', 3),
('AR133', 'THEORY OF ARCHITECTURE', 3),
('AR143', 'BUILDING MATERIAL - I', 3),
('AR154', 'DESCRIPTIVE GEOMETRY - I', 4),
('AR162', 'MODEL MAKING WORKSHOP - I', 2),
('AR184', 'BASIC DESIGN - I', 4),
('AR192', 'BUILDING CONSTRUCTION - I', 2),
('AR233', 'HISTORY OF ARCHITECTURE - I', 3),
('AR243', 'BUILDING MATERIAL - II', 3),
('AR252', 'DESCRIPTIVE GEOMETRY - II', 2),
('AR263', 'VISUAL GRAPHICS', 3),
('AR272', 'MODEL MAKING WORKSHOP - II', 2),
('AR284', 'BASIC DESIGN - II', 4),
('AR292', 'BUILDING CONSTRUCTION - II', 2),
('AR343', 'HISTORY OF ARCHITECTURE - II', 3),
('AR352', 'CLIMATOLOGY', 2),
('AR366', 'ARCHITECTURAL DESIGN - I AND MEASURED DRAWING', 6),
('AR372', 'AUTO CAD - I', 2),
('AR382', 'CLIMATOLOGY LABORATORY', 2),
('AR394', 'BUILDING CONSTRUCTION - III', 4),
('AR4102', 'ARCHITECTURAL PHOTOGRAPHY', 2),
('AR423', 'BUILDING SERVICES - II (ACOUSTICS)', 3),
('AR443', 'HISTORY OF ARCHITECTURE - III', 3),
('AR452', 'ENVIRONMENTAL STUDIES', 2),
('AR466', 'ARCHITECTURAL DESIGN - II', 6),
('AR472', 'AUTOCAD - II', 2),
('AR484', 'BUILDING CONSTRUCTION - IV', 4),
('AR513', 'CONTEMPORARY ARCHITECHTURE', 3),
('AR553', 'SPECIFICATION', 3),
('AR566', 'ARCHITECTURAL DESIGN - III', 6),
('AR572', 'COMPUTER GRAPHICS', 2),
('AR594', 'WORKING DRAWING - I', 4),
('AR633', 'LANDSCAPE DESIGN', 3),
('AR642', 'ESTIMATION AND VALUATION', 2),
('AR653', 'INTERIOR DESIGN', 3),
('AR666', 'ARCHITECHTURAL DESIGN - IV', 6),
('AR674', 'WORKING DRAWING - II', 4),
('AR682', 'LANDSCAPE DESIGN AND SITE PLANNING', 2),
('AR692', 'INTERIOR DESIGN LABORATORY', 2),
('AS123', 'MECHANICS - I', 3),
('AS223', 'MECHANICS - II', 3),
('AS323', 'BUILDING SERVICES - I (WATER SUPPLY AND SANITATION)', 3),
('AS333', 'STRUCTURAL ANALYSIS', 3),
('AS432', 'SURVEYING', 2),
('AS492', 'SURVEYING LABORATORY', 2),
('AS534', 'CONCRETE STRUCTURE', 4),
('AS582', 'MATERIAL TESTING LABORATORY', 2),
('AS614', 'STEEL STRUCTURE', 4),
('BE2104', 'MECHANICS', 3),
('PAC1A101', 'Applied Chemistry', 4),
('PAM1A001', 'Applied Mathematics-I', 4),
('PAP1A102', 'Applied Physics', 4),
('PBC1B102', 'Basics of Civil Engineering', 4),
('PBE1B101', 'Basics of Mechanical Engineering', 4),
('PBT3D001', 'Genetics', 4),
('PBT3I001', 'Upstream Process Engineering - I', 4),
('PBT3I101', 'Biochemistry', 4),
('PBT3I102', 'Cell Biology', 4),
('PBT3I103', 'Biostatistics', 4),
('PBT3I104', 'Microbiology', 4),
('PCI3D001', 'Concrete Technology', 4),
('PCI3I001', 'Mechanics of Solid', 4),
('PCI3I002', 'Construction Technology', 3),
('PCI3I101', 'Fluid Mechanics & Hydraulics Machines', 4),
('PCI3I102', 'Survey', 4),
('PCI3I103', 'Geotechnical Engineering', 4),
('PCI3I201', 'Building Drawing', 1),
('PCL1B201', 'Computer Lab', 2),
('PCS3D001', 'Artificial Intelligence', 4),
('PCS3G001', 'Software Engineering', 4),
('PCS3I001', 'Discrete Structures', 4),
('PCS3I101', 'Switching Theory & Logic Design', 4),
('PCS3I102', 'Object Oriented Programming using JAVA', 4),
('PCS3I103', 'System Programming', 4),
('PCS3I104', 'Software Engineering', 4),
('PEC1E101', 'English Communication Skill', 4),
('PEE3D001', 'Electrical Engineering Materials', 4),
('PEE3I001', 'Electromagnetic Theory', 4),
('PEE3I101', 'Network Theory', 4),
('PEE3I102', 'Analog Electronic Circuits', 4),
('PEE3I103', 'Electrical Machines - I', 4),
('PEE3I104', 'Electrical & Electronics Measurement', 4),
('PEG1B104', 'Engineering Graphics Lab', 3),
('PEI3D001', 'Solid State Devices', 4),
('PEI3G001', 'Analog Electronic Circuits', 4),
('PEI3I001', 'Electromagnetic Field Theory', 4),
('PEI3I101', 'Analog Electronic Circuits', 4),
('PEI3I102', 'Electrical & Electronics Measurement', 4),
('PEI3I103', 'Energy Conversion Devices', 4),
('PEI3I104', 'Network Theory', 4),
('PEK3E001', 'Engineering Economics', 3),
('PES1C001', 'Environmental Studies & Health Care Engineering', 3),
('PEW1B103', 'Engineering Workshop', 3),
('PFT3D001', 'Fashion and Apparel Designing', 4),
('PFT3I001', 'Polymer Chemistry & Fiber Science', 4),
('PFT3I101', 'Elements of Fashion', 4),
('PFT3I102', 'Fundamental of Textile - I', 4),
('PFT3I103', 'Elements of Design & Colour', 4),
('PFT3I104', 'Traditional Textile', 4),
('PIT3D001', 'Artificial Intelligence', 4),
('PIT3G001', 'Software Engineering', 4),
('PIT3I001', 'Discrete Structures', 4),
('PIT3I101', 'Switching Theory & Logic Design', 4),
('PIT3I102', 'Object Oriented Programming using JAVA', 4),
('PIT3I103', 'System Programming', 4),
('PIT3I104', 'Software Engineering', 4),
('PME3D001', 'Applied Mathematics', 4),
('PME3I001', 'Introduction to Physical Metallurgy & Engineering Materials', 3),
('PME3I101', 'Mechanics of Solid', 4),
('PME3I102', 'Fluid Mechanics & Hydraulics Machines', 4),
('PME3I103', 'Engineering Thermodynamics', 4),
('PME3I104', 'Kinematics & Dynamics of Machines', 5),
('POB3E002', 'Organizational Behavior', 3),
('PPT1F001', 'Professional Ethics', 3),
('PTX3D001', 'Structure & Properties of Fibres', 4),
('PTX3I001', 'Application of Statistics for Textile Manufacturing', 4),
('PTX3I102', 'Yarn Manufacturing - I', 4),
('PTX3I103', 'Fabric Manufacturing - I', 4);

--
-- Constraints for dumped tables
--

--
-- Constraints for table `student`
--
ALTER TABLE `student`
  ADD CONSTRAINT `student_ibfk_1` FOREIGN KEY (`branch_id`) REFERENCES `branch` (`code`);

/*!40101 SET CHARACTER_SET_CLIENT=@OLD_CHARACTER_SET_CLIENT */;
/*!40101 SET CHARACTER_SET_RESULTS=@OLD_CHARACTER_SET_RESULTS */;
/*!40101 SET COLLATION_CONNECTION=@OLD_COLLATION_CONNECTION */;
